ArtNr;Alt_ArtNr;Weitere_ArtNr;Raumcode;Bezeichnung;Beschreibung;Kategorie;Marke;Bündel;Raum;Menge;Einheit;Zustand;Maße;Foto;Wertklasse;Aktiv;Im_Katalog;Preis_netto;Preisbasis;Versand;Mengenhinweis;Anlagennr;Anschaffungswert_netto;Status;Kanal;Reserviert_für;Verkauft_Menge;Verkaufspreis_netto;Verkaufsdatum;Käufer;Rechnungsnr;Zahlung;Zahlart;Abholtermin;Klinik_Markierung;Bemerkung
BA04-01;K-096;;BA04;Rattankörbe 8 Stück;Rattankörbe 8 Stück;Deko;;;Gruppenraum;1;Set;gebraucht;;F-062;C;ja;ja;40,00;Fix;nur Abholung;1 Set Körbe. Ohne Regal;;;verfügbar;;;;;;;;;;;;Notiz aus der ersten Liste: 1 Regal mit 6 Körben im Bild
BA04-02;K-097;;BA04;Holzkiste Obstkistenoptik;Alte Holzkiste, unbehandelt, als Aufbewahrung;Deko;;;Gruppenraum;4;Stück;gebraucht;;F-063;C;entfällt;ja;15,00;Fix;nur Abholung;;;;verfügbar;;;;;;;;;;;;
BA08-01;K-099;;BA08;Konvolut Mal- und Bastelfarben;"Creall Fingerpaint: jeweils 1 angefangene Flasche braun, gelb, hellrosa, dunkelrot, violett, weiß und hellblau; jeweils 1 ungeöffnete Flasche schwarz, blau, dunkelblau, hellgrün und hellblau;   Insgesamt Plakatfarbe (Moje Bambino) 2 ungeöffnete Flaschen braun, weiß, violett und schwarz, 1 ungeöffnete Flasche orange, grün, dunkelblau und gelb, 3 ungeöffnete Flaschen hellrosa und rot sowie jeweils ca. 1/2 Flasche gelb, hellrosa, violett, jeweils angebraucht ( nur geringe Menge entnommen) 2x blau, 2x dunkelblau 1x hellgrün und 1x orange";Verbrauchsmaterial;;;Atelier;1;Konvolut;gebraucht;;F-065;C;ja;ja;120,00;Fix;nur Abholung;div. Farben der Farbpalette, teilweise bereits angebraucht;;;verfügbar;;;;;;;;;;;ja;
BA08-02;K-100;;BA08;Acrylfarben-Sortiment;"Karton mit Acrylfarben 2xgrau, 1x blau, 2x dunkelbraun, 1x grün, 1x gelb (bereits angebraucht), 1x hellgrün 2x rot, 3x hellbraun, 1x türkis, 2x oliv, 1x orange, 3x phtalo grün, 4x braun Herstellungsdatum: 10/24; bis auf eine Tube sind alle Farben unbenutzt";Verbrauchsmaterial;;;Atelier;1;Konvolut;neuwertig;;F-546;C;ja;ja;48,00;Fix;nur Abholung;;;;verfügbar;;;;;;;;;;;;
BA08-03;K-101;;BA08;Konvolut Bastelmaterial;"1 Karton Bastelmaterial bestehend aus diverse Kunststoff-Perlen, Bänder, Glitzer, Holzperlen, Bügelperlen, Schnüre alles in verschiedenen Farben und Formen; Basteldraht, Streuglitzer,Sand etc.";Verbrauchsmaterial;;;Atelier;1;Konvolut;gut;;F-070;C;ja;ja;50,00;Fix;nur Abholung;;;;verfügbar;;;;;;;;;;;;
BA08-04;K-102;;BA08;buntes Tonpapier;"buntes Tonpapier -70x50cm 1x schwarz, 5x weiß, 4x rot; 9x hochrot, 11x gelb, 6x orange, 8x lila, 4x hellblau, 5x dunkelblau 5x blau, 12x hellgrün, 19x dunkelgrün  Größe 60x42: 16x pink, 2x dunkelgrün; 42x30cm: 19x pink";Verbrauchsmaterial;;;Atelier;1;Konvolut;neuwertig;;F-555;B;ja;ja;50,00;Fix;nur Abholung;verschiedene Farben und Größen;;;verfügbar;;;;;;;;;;;;
BA09-01;K-079;;BA09;Deko Metallruten mit Pompons;Metallruten mit roten Wollbommeln in Birkenstammfuß;Deko;;;Personalraum;2;Stück;gut;;F-044;C;ja;ja;15,00;Fix;nur Abholung;;;;verfügbar;;;;;;;;;;;;Notiz aus der ersten Liste: 2 Stück im Bild
BA09-02;K-080;;BA09;Elefantenfuß groß;Beaucarnea, große Zimmerpflanze im Topf und kleine Zimmerpflanze im Topf;Pflanzen;;;Personalraum;1;Set;gut;;F-045;C;ja;ja;30,00;Fix;nur Abholung;;;;verfügbar;;;;;;;;;;;;Notiz aus der ersten Liste: 1 Pflanze im Bild
BA09-03;K-082;;BA09;Werte-Rad;Drehbares Holzrad zur Visualisierung von Leitwerten, Eigenbau;Kita-Ausstattung;;;Personalraum;1;Stück;gut;;F-046;C;ja;ja;40,00;Fix;nur Abholung;;;;verfügbar;;;;;;;;;;;;Notiz aus der ersten Liste: 1 Stück im Bild
BA09-04;K-083;;BA09;USM Haller Tisch;USM Haller, weiße Tischplatte, verchromtes Rohrgestell mit Kugelverbindern, ca. 200 x 100 cm;Möbel;USM Haller;Designklassiker;Personalraum;1;Stück;gut;;F-047;A;ja;ja;750,00;VHB;nur Abholung;;;;verfügbar;;;;;;;;;;;ja;Notiz aus der ersten Liste: 1 Tisch im Bild
BA09-05;K-084;;BA09;Kartell Masters Stuhl;Kartell Masters, Design Philippe Starck, schwarz;Möbel;Kartell;Designklassiker;Personalraum;4;Stück;gebraucht;;F-048;A;ja;ja;120,00;Fix;nur Abholung;insgesamt 4 Stück;670026;690,02;verfügbar;;;;;;;;;;;;
BA10-01;K-086;;BA10;Glastisch rund mit Chromgestell;Runde Glasplatte teilsatiniert, Chromgestell inkl. 4 Stühle 105 cm Durchmesser;Möbel;;;Ruheraum;1;Stück;gebraucht;;F-057;B;ja;ja;150,00;Fix;nur Abholung;;;;verfügbar;;;;;;;;;;;;Notiz aus der ersten Liste: 1 Tisch im Bild
BA10-02;K-087;;BA10;Samtsofa bordeaux, 2-Sitzer;Samtbezug dunkelrot, gesteppte Rückenlehne, dunkle Holzbeine ca. 160cm breit;Möbel;;;Ruheraum;2;Stück;gebraucht;;F-058;B;ja;ja;300,00;VHB;nur Abholung;;670017;585,33;verfügbar;;;;;;;;;;;;Notiz aus der ersten Liste: 1 Sofa im Bild
BA10-03;K-089;;BA10;Sessel mit Bezug, weiß lackiert;Relaxsessel Alcantara, Alu, hellgrauer Bezug, ohne Nackenkissen;Möbel;;;Ruheraum;2;Stück;gebraucht;;F-591;C;ja;ja;200,00;VHB;nur Abholung;;;;verfügbar;;;;;;;;;;;;Notiz aus der ersten Liste: 1 Sessel im Bild
BA10-04;K-090;;BA10;Hocker grau mit Hairpin-Beinen;"Hocker grau 
Runder Polsterhocker grau, mit Stauraum ohne Deko";Möbel;;;Ruheraum;1;Stück;gebraucht;;F-592;C;ja;ja;35,00;Fix;nur Abholung;;;;verfügbar;;;;;;;;;;;;
BA10-05;K-091;;BA10;Ohrensessel grau mit Kufengestell;Polstersessel hellgrau, schwarzes Kufengestell aus Rundstahl ohne Kissen / Auflage;Möbel;;;Ruheraum;2;Stück;gebraucht;;F-594;B;ja;ja;100,00;Fix;nur Abholung;;;;verfügbar;;;;;;;;;;;;Notiz aus der ersten Liste: 2 Sessel im Bild
BA10-06;K-092;;BA10;Hocker grau, passend;Polsterhocker hellgrau, schwarzes Kufengestell, passend zu den Sesseln 45x50cm;Möbel;;;Ruheraum;2;Stück;gebraucht;;F-056;C;ja;ja;30,00;Fix;nur Abholung;;;;verfügbar;;;;;;;;;;;;Notiz aus der ersten Liste: 2 Hocker im Bild
BA10-07;K-093;;BA10;Beistelltisch rund grau;"Runde Platte grau, schwarze Hairpin-Beine; 50cm Durchmesser";Möbel;;;Ruheraum;1;Stück;gut;;F-593;C;ja;ja;30,00;Fix;nur Abholung;;;;verfügbar;;;;;;;;;;;;Notiz aus der ersten Liste: 1 Tisch im Bild
BA10-08;K-094;;BA10;Pendelleuchte Drahtgeflecht;Geometrische Drahtleuchte schwarz, Ikosaederform;Leuchten;;;Ruheraum;2;Stück;gut;;F-061;C;ja;ja;55,00;Fix;nur Abholung;;;;verfügbar;;;;;;;;;;;;Notiz aus der ersten Liste: 1 Leuchte im Bild
BA12-01;K-085;;BA12;Ast-Mobile mit Papierwaben;Deko-Mobile: Birkenast mit Papierwaben, Sternen und Filzhäusern;Deko;;;Personal-WC;1;Stück;gut;;F-055;C;ja;ja;30,00;Fix;nur Abholung;;;;verfügbar;;;;;;;;;;;;Notiz aus der ersten Liste: 1 Mobile im Bild
BE01-01;K-062;;BE01;Barockspiegel schwarz, oval;Verzierter Rahmen schwarz, oval, zwei Größen;Deko;;;Flur;3;Stück;gut;;F-051;C;ja;ja;45,00;Fix;nur Abholung;;;;verfügbar;;;;;;;;;;;;Notiz aus der ersten Liste: 2 Stück im Bild
BE01-02;K-064;;BE01;Bilderrahmen mit Kinderzeichnung;Gerahmte Kinderzeichnungen/Drucke, schwarz gerahmt;Deko;;;Flur;3;Set;gut;;F-053;C;ja;ja;30,00;Fix;nur Abholung;;;;verfügbar;;;;;;;;;;;;Notiz aus der ersten Liste: 3 Rahmen im Bild
BE01-03;K-065;;BE01;Wandregal-Würfel schwarz;Offene Regalwürfel zur Wandmontage, schwarz;Möbel;;;Flur;2;Stück;gut;;F-054;C;ja;ja;40,00;Fix;nur Abholung;bestehend aus 2 Würfeln;;;verfügbar;;;;;;;;;;;;Sie stehen inzwischen im Atelier (BA08) – die Nummer BE01-03 bleibt.
BE06-01;K-077;;BE06;Wandgestell Holz mit Schnüren;Holzrahmen mit gespannten Schnüren und Wäscheklammern zum Aufhängen von Bildern;Kita-Ausstattung;;;Gruppenraum;1;Stück;gebraucht;;F-042;C;ja;ja;45,00;Fix;nur Abholung;;;;verfügbar;;;;;;;;;;;;Notiz aus der ersten Liste: 1 Stück im Bild
BE06-02;K-078;;BE06;Designsofa anthrazit;Geschwungene Form, Wollstoff anthrazit, dunkle Metallbeine, 3-Sitzer;Möbel;;;Gruppenraum;1;Stück;gut;;F-043;A;ja;ja;650,00;VHB;nur Abholung;;670012;1.198,00;verfügbar;;;;;;;;;;;;Notiz aus der ersten Liste: 1 Sofa im Bild
BE10-01;K-036;;BE10;LED-Ring-Pendelleuchte;Große Pendelleuchte: mehrere beleuchtete Ringe in unterschiedlichen Größen an dünnen Seilen, 2x 80cm Durchmesser, 2x ca. 60cm Durchmesser;Leuchten;;;Büro und Besprechung;4;Stück;gut;;F-021;A;ja;ja;450,00;VHB;nur Abholung;unterschiedliche Durchmesser;;;verfügbar;;;;;;;;;;;;
BE10-02;K-040;;BE10;Pachira groß im Übertopf;Glückskastanie, große Pflanze, weißer Übertopf;Pflanzen;;;Büro und Besprechung;1;Stück;gut;;F-025;C;ja;ja;80,00;Fix;nur Abholung;;;;verfügbar;;;;;;;;;;;;Notiz aus der ersten Liste: 1 Pflanze im Bild
BE10-03;K-042;;BE10;Moderationswand fahrbar;"Pinnwand/Stellwand grau, auf Rollen, beidseitig Höhe Wand: 150; Gesamthöhe: 185cm; Breite: 120cm";Büro;;;Büro und Besprechung;1;Stück;gut;;F-026;B;ja;ja;50,00;Fix;nur Abholung;;;;verfügbar;;;;;;;;;;;;Notiz aus der ersten Liste: 1 Stück im Bild
BE10-04;K-043;;BE10;Besprechungstisch weiß, groß 100x270cm;Konferenztisch, weiße Platte, für ca. 8-10 Personen;Büro;;;Büro und Besprechung;1;Stück;gut;;F-616;B;entfällt;ja;2.500,00;VHB;nur Abholung;;;;verfügbar;;;;;;;;;;;;Neues Foto F-616 (Durchsicht 01.10.2026). Entfällt laut Durchsicht 05.10.2026.
BU04-01;K-110;;BU04;Crassula im Topf;Geldbaum, Zimmerpflanze im weißen Topf;Pflanzen;;;Gruppenraum;2;Stück;gut;;F-078;C;ja;ja;15,00;Fix;nur Abholung;;;;verfügbar;;;;;;;;;;;;Notiz aus der ersten Liste: 1 Pflanze im Bild
BU04-02;K-113;;BU04;Pflanzkübel Raumteiler weiß Hochglanz;Rechteckiger Pflanzkübel als Raumteiler, weiß hochglanz, ca. 80 x 30 x 80 cm;Pflanzen;;;Gruppenraum;1;Stück;gut;;F-079;B;ja;ja;150,00;Fix;nur Abholung;inkl. Bepflanzung;;;verfügbar;;;;;;;;;;;;Der Kübel steht inzwischen im Schlafraum 5 (NU04) – die Nummer BU04-02 bleibt.
BU04-03;K-115;NU02-10;BU04;Hochflorteppich beige, rund;Runder Hochflorteppich in Beige, 100 % Polypropylen, Flor hoch. Etikett auf der Unterseite: IKEA, 195 cm Durchmesser, 9,85 kg.;Textilien;IKEA;;Gruppenraum;2;Stück;gebraucht;Ø 195 cm;F-150;C;ja;ja;40,00;Fix;nur Abholung;;;;verfügbar;;;;;;;;;;;;Zusammengefasste Position – Post-it-Nummer im zweiten Raum: NU02-10. Frueherer Mengenhinweis: 2 Teppiche insgesamt: einer im Gruppenraum (BU04-03) und einer im Gruppenraum 5 (dort mit NU02-10 beschriftet).
BU04-04;K-116;NU02-06;BU04;Regal weiß, 4 Fächer (IKEA Kallax);IKEA Kallax 2x2, weiß, vier Fächer.;Möbel;IKEA;;Gruppenraum;4;Stück;gebraucht;;F-080;B;ja;ja;45,00;Fix;nur Abholung;;;;verfügbar;;;;;;;;;;;;Zusammengefasste Position – Post-it-Nummer im zweiten Raum: NU02-06. Frueherer Mengenhinweis: 4 Regale insgesamt: 2 im Gruppenraum (BU04-04) und 2 im Gruppenraum 5 (dort mit NU02-06 beschriftet).
BU04-16;K-117;;BU04;Wanddeko Fadenbilder;"Fadenbilder auf Holzreifen, ohne Spiegelelemente; rot und schwarz; unterschiedliche Durchmesser";Deko;;;Gruppenraum;5;Set;gut;;F-081;C;nein;nein;10,00;Fix;nur Abholung;1 Set im Bild;;;entfällt;;;;;;;;;;;;"Nicht mehr vorhanden – von der Nutzerin am 23.09.2026 bestaetigt. Frueher BU04-05 / K-117; die Nummer BU04-05 klebt jetzt auf den Hochstuehlen."
BU09-01;K-118;;BU09;Wurzelholz-Schale groß;Dekoschale aus einem Wurzelstück, Teak, ca. 50 cm;Deko;;;Werkraum;1;Stück;gut;;F-082;B;ja;ja;90,00;Fix;nur Abholung;;;;verfügbar;;;;;;;;;;;;Notiz aus der ersten Liste: 1 Stück im Bild
BU09-02;K-119;;BU09;Konvolut Baumscheiben und Holzscheiben;"Baumscheiben verschiedener Größen und Holzarten, Bastelmaterial ca. 44 grössere mit Durchmesser zwischen 15 und35cm; 35 Stück mit durchmeser ca. 10-15cm";Verbrauchsmaterial;;;Werkraum;1;Konvolut;gut;;F-085;C;ja;ja;40,00;Fix;nur Abholung;Mehrere Kisten mit Baum- und Holzscheiben in verschiedenen Größen;;;verfügbar;;;;;;;;;;;;Notiz aus der ersten Liste: mehrere Kisten im Bild
BU09-03;K-120;;BU09;Kreidetafel in Hausform;Tafelfolie/Kreidetafel in Hausform, beschriftbar;Kita-Ausstattung;;;Werkraum;3;Stück;gut;;F-089;C;ja;ja;10,00;Fix;nur Abholung;;;;verfügbar;;;;;;;;;;;;Notiz aus der ersten Liste: 1 Stück im Bild
GA01-01;K-142;;GA01;Holz-Wellenliege, Doppelliege;Geschwungene Doppelliege aus Holzlatten, ca. 200 cm breit,;Garten;;Außenbereich;Garten;1;Stück;gut;;F-111;A;ja;ja;850,00;VHB;nur Abholung;;;;verfügbar;;;;;;;;;;;;Notiz aus der ersten Liste: 1 Liege im Bild
K-002;;;NU02;Kommode weiß, 9 Schubladen;IKEA Nordli, weiß, drei Module nebeneinander, insgesamt 9 Schubladen;Möbel;;;Gruppenraum;1;Stück;gut;;F-002;B;entfällt;ja;120,00;Fix;nur Abholung;1 Einheit aus 3 Modulen im Bild;;;verfügbar;;;;;;;;;;;;Von der Nutzerin am 24.09.2026 geprueft: kommt nicht in den Katalog. Die Zeile bleibt nur zur Nachvollziehbarkeit der alten K-Nummer stehen.
K-003;;;NU02;Deko-Set Globus, Letterboard, Rahmen;Globus, Steckbuchstaben-Board, Bilderrahmen auf Staffelei;Deko;;;Gruppenraum;1;Set;gut;;F-002;C;entfällt;ja;35,00;Fix;nur Abholung;3 Teile im Bild;;;verfügbar;;;;;;;;;;;;Von der Nutzerin am 24.09.2026 geprueft: kommt nicht in den Katalog. Die Zeile bleibt nur zur Nachvollziehbarkeit der alten K-Nummer stehen.
K-005;;;NU02;Mal- und Trockengestell fahrbar;Drahtgittergestell auf Rollen, zum Trocknen und Präsentieren von Bildern;Kita-Ausstattung;;;Gruppenraum;1;Stück;gut;;F-003;C;entfällt;ja;60,00;Fix;nur Abholung;1 Stück im Bild;;;verfügbar;;;;;;;;;;;;Von der Nutzerin am 24.09.2026 geprueft: kommt nicht in den Katalog. Die Zeile bleibt nur zur Nachvollziehbarkeit der alten K-Nummer stehen.
K-006;;;NU02;Kindertafel Holz;Standtafel/Staffelei aus Holz mit Kreidetafel;Kita-Ausstattung;;;Gruppenraum;1;Stück;gebraucht;;F-003;C;entfällt;ja;35,00;Fix;nur Abholung;1 Stück im Bild;;;verfügbar;;;;;;;;;;;;Von der Nutzerin am 24.09.2026 geprueft: kommt nicht in den Katalog. Die Zeile bleibt nur zur Nachvollziehbarkeit der alten K-Nummer stehen.
K-010;;;NU04;Pinnwand gerahmt;Pinnwand mit Holzrahmen;Büro;;;Schlafraum;1;Stück;gut;;F-006;C;entfällt;ja;25,00;Fix;nur Abholung;1 Stück im Bild;;;verfügbar;;;;;;;;;;;;Von der Nutzerin am 24.09.2026 geprueft: kommt nicht in den Katalog. Die Zeile bleibt nur zur Nachvollziehbarkeit der alten K-Nummer stehen.
K-013;;;NU04;Kuckucksuhr klein;Schwarzwälder Kuckucksuhr, kleine Ausführung, Holz;Uhren;;;Schlafraum;1;Stück;gut;;F-008;A;entfällt;ja;90,00;Fix;nur Abholung;1 Stück im Bild;;;verfügbar;;;;;;;;;;;;Von der Nutzerin am 24.09.2026 geprueft: kommt nicht in den Katalog. Die Zeile bleibt nur zur Nachvollziehbarkeit der alten K-Nummer stehen.
K-016;;;NU04;Regal mit Aufbewahrungsboxen;IKEA Trofast, Holzrahmen mit Kunststoffboxen;Kita-Ausstattung;;;Schlafraum;3;Stück;gebraucht;;F-011;C;entfällt;ja;35,00;Fix;nur Abholung;3 Regale im Bild erkennbar;;;verfügbar;;;;;;;;;;;;Von der Nutzerin am 24.09.2026 geprueft: kommt nicht in den Katalog. Die Zeile bleibt nur zur Nachvollziehbarkeit der alten K-Nummer stehen.
K-017;;;NU04;Kinderwerkbank Holz;Werkbank für Kinder mit Schraubstock und Zubehör;Kita-Ausstattung;;;Schlafraum;1;Stück;gebraucht;;F-011;C;entfällt;ja;60,00;Fix;nur Abholung;1 Stück im Bild;;;verfügbar;;;;;;;;;;;;Von der Nutzerin am 24.09.2026 geprueft: kommt nicht in den Katalog. Die Zeile bleibt nur zur Nachvollziehbarkeit der alten K-Nummer stehen.
K-018;;;NE01;Pompon-Kronleuchter rot;Metallring-Konstruktion mit roten Wollbommeln, Sonderanfertigung, Deckenleuchte;Leuchten;;;Flur;1;Stück;gut;;F-012;B;entfällt;ja;150,00;Fix;nur Abholung;1 Stück im Bild;;;verfügbar;;;;;;;;;;;;Von der Nutzerin am 24.09.2026 geprueft: kommt nicht in den Katalog. Die Zeile bleibt nur zur Nachvollziehbarkeit der alten K-Nummer stehen.
K-019;;;NE01;Wandbild Schwarzwald-Trachten, großformatig;Fotodruck auf Leinwand/Alu-Dibond, Trachtenportrait, großformatig - Kaufware;Kunst;;;Flur;2;Stück;gut;;F-013;B;entfällt;ja;120,00;Fix;nur Abholung;2 Bilder im Bild;;;verfügbar;;;;;;;;;;;;Von der Nutzerin am 24.09.2026 geprueft: kommt nicht in den Katalog. Die Zeile bleibt nur zur Nachvollziehbarkeit der alten K-Nummer stehen.
K-021;;;NE01;Wanddeko Holzleiter und Treibholz;Dekoleiter grau in Tannenform, dazu Treibholzelemente;Deko;;;Flur;1;Set;gut;;F-015;C;entfällt;ja;30,00;Fix;nur Abholung;1 Set im Bild;;;verfügbar;;;;;;;;;;;;Von der Nutzerin am 24.09.2026 geprueft: kommt nicht in den Katalog. Die Zeile bleibt nur zur Nachvollziehbarkeit der alten K-Nummer stehen.
K-022;;;NE01;Zamioculcas groß im Übertopf;Glücksfeder, große Pflanze, schwarzer Übertopf;Pflanzen;;;Flur;1;Stück;gut;;F-015;C;entfällt;ja;70,00;Fix;nur Abholung;1 Pflanze im Bild;;;verfügbar;;;;;;;;;;;;Von der Nutzerin am 24.09.2026 geprueft: kommt nicht in den Katalog. Die Zeile bleibt nur zur Nachvollziehbarkeit der alten K-Nummer stehen.
K-025;;;NE05;Stapelstuhl rot;Kunststoff-Stapelstuhl, rot, Erwachsenengröße;Möbel;;;Speisesaal;6;Stück;gebraucht;;F-016;C;entfällt;ja;15,00;Fix;nur Abholung;ca. 6 Stück im Bild - bitte nachzählen;;;verfügbar;;;;;;;;;;;;Doppelung - dieselbe Ware steht unter NE05-04 und NE05-05. Von der Nutzerin am 24.09.2026 bestaetigt.
K-026;;;NE05;Kinderstuhl weiß;Kunststoff, weiß, Kindergröße, stapelbar;Kita-Ausstattung;;;Speisesaal;8;Stück;gebraucht;;F-016;C;entfällt;ja;12,00;Fix;nur Abholung;ca. 8 Stück im Bild - bitte nachzählen;;;verfügbar;;;;;;;;;;;;Doppelung - dieselbe Ware steht unter NE05-10 beziehungsweise NE05-12. Von der Nutzerin am 24.09.2026 bestaetigt.
K-027;;;NE05;Kinder-Hochstuhl;Klappbarer Hochstuhl, Holz/weiß;Kita-Ausstattung;;;Speisesaal;1;Stück;gebraucht;;F-016;C;entfällt;ja;40,00;Fix;nur Abholung;1 Stück im Bild;;;verfügbar;;;;;;;;;;;;Doppelung - dieselbe Ware steht unter NE05-09. Von der Nutzerin am 24.09.2026 bestaetigt.
K-029;;;NE05;Whiteboard Sprechblasenform;Magnetisches Whiteboard in Sprechblasenform;Büro;;;Speisesaal;1;Stück;gut;;F-017;C;entfällt;ja;35,00;Fix;nur Abholung;1 Stück im Bild;;;verfügbar;;;;;;;;;;;;Doppelung - dieselbe Ware steht unter NE05-14. Von der Nutzerin am 24.09.2026 bestaetigt.
K-030;;;NU01;Bücherschrank weiß, Landhausstil;Weiß, Sprossen-Glastüren, mehrere Fachböden;Möbel;;;Eingang und Elternlounge;1;Stück;gut;;F-018;B;entfällt;ja;180,00;Fix;nur Abholung;1 Schrank im Bild (Bücher nicht enthalten);;;verfügbar;;;;;;;;;;;;Von der Nutzerin am 24.09.2026 geprueft: kommt nicht in den Katalog. Die Zeile bleibt nur zur Nachvollziehbarkeit der alten K-Nummer stehen.
K-032;;;NU01;Hocker rot;Passend zur Sitzgruppe, rot bezogen;Möbel;;;Eingang und Elternlounge;2;Stück;gut;;F-019;B;entfällt;ja;90,00;Fix;nur Abholung;2 Stück im Bild;;;verfügbar;;;;;;;;;;;;Von der Nutzerin am 24.09.2026 geprueft: kommt nicht in den Katalog. Die Zeile bleibt nur zur Nachvollziehbarkeit der alten K-Nummer stehen.
K-033;;;NU01;USM Haller Regal weiß;USM Haller, weiß, 3 Ebenen, offen, verchromtes Rohrgestell mit Kugelverbindern;Möbel;;;Eingang und Elternlounge;2;Stück;gut;;F-020;A;entfällt;ja;850,00;VHB;nur Abholung;2 Regale im Bild;;;verfügbar;;;;;;;;;;;;Von der Nutzerin am 24.09.2026 geprueft: kommt nicht in den Katalog. Die Zeile bleibt nur zur Nachvollziehbarkeit der alten K-Nummer stehen.
K-037;;;BE11;Ringlicht LED auf Stativ;Fotolicht, Ringleuchte mit Stativ;Technik;;;Büro;1;Stück;gut;;F-023;C;entfällt;ja;35,00;Fix;nur Abholung;1 Stück im Bild;;;verfügbar;;;;;;;;;;;;Von der Nutzerin am 24.09.2026 geprueft: kommt nicht in den Katalog. Die Zeile bleibt nur zur Nachvollziehbarkeit der alten K-Nummer stehen.
BE10-09;K-038;;BE10;Konsolentisch schwarz mit Glasablagen;Schmaler Konsolentisch mit schwarzem Metallrahmen und zwei Ablagen aus Glas.;Möbel;;;Büro und Besprechung;1;Stück;gut;;F-024;C;ja;ja;60,00;Fix;nur Abholung;;;;verfügbar;;;;;;;;;;;;Auf Foto F-024 steht er im Raum.
K-039;;;BE10;Kinderfahrzeug Kuh;Wheely-Bug-Typ, Rutschfahrzeug für Kinder, Plüsch mit Rollen;Kita-Ausstattung;;;Büro und Besprechung;1;Stück;gebraucht;;F-024;C;entfällt;ja;35,00;Fix;nur Abholung;1 Stück im Bild;;;verfügbar;;;;;;;;;;;;Von der Nutzerin am 24.09.2026 geprueft: kommt nicht in den Katalog. Die Zeile bleibt nur zur Nachvollziehbarkeit der alten K-Nummer stehen.
BE10-10;K-041;;BE10;Kommode Holz, antik;"Alte Holzkommode beziehungsweise Sekretär in dunklem Holz. Die linke Tür schließt nicht mehr; der übrige Zustand ist gut.";Möbel;;;Büro und Besprechung;1;Stück;gebraucht;;F-025;B;entfällt;ja;120,00;Fix;nur Abholung;;;;verfügbar;;;;;;;;;;;;Auf Foto F-025 steht sie im Raum.
K-044;;;BE10;Schalenstuhl weiß mit Holzbeinen;Kunststoff-Sitzschale weiß, Holzbeine mit Drahtstrebe;Möbel;;;Büro und Besprechung;8;Stück;gut;;F-027;B;entfällt;ja;30,00;Fix;nur Abholung;ca. 8 Stück im Bild - bitte nachzählen;;;verfügbar;;;;;;;;;;;;Ersetzt durch BE10-05. Die Zeile bleibt nur zur Nachvollziehbarkeit der alten K-Nummer stehen.
BE10-11;K-045;;BE10;Bürodrehstuhl weiß;Bürodrehstuhl in Weiß auf fünf Rollen, Sitzhöhe verstellbar.;Büro;;;Büro und Besprechung;1;Stück;gebraucht;;F-617;C;ja;ja;60,00;Fix;nur Abholung;;;;verfügbar;;;;;;;;;;;;Neues Foto F-617 (Durchsicht 01.10.2026).
BE10-12;K-046;;BE10;IKEA Galant Aktenschrank weiß;IKEA Galant Büroschrank in Weiß: oben offene Fächer, unten Schiebetüren mit zwei Einlegeböden. 200 cm Höhe, 160 cm Breite;Büro;IKEA;;Büro und Besprechung;2;Stück;gut;;F-636;B;ja;ja;90,00;Fix;nur Abholung;Ohne Inhalt (Ordner und Ablagefächer gehören nicht dazu).;;;verfügbar;;;;;;;;;;;;"Neues Foto F-636 (07.10.2026) ersetzt F-618; Beschreibung an das Foto angepasst (Schiebetüren, 2 Einlegeböden innen). Beide Schränke baugleich."
K-048;;;NE01;Wanddeko Fadenbild rot;Fadenbild/Mandala auf rundem Holzreif, rot;Deko;;;Flur;1;Stück;gut;;F-029;C;entfällt;ja;30,00;Fix;nur Abholung;1 Stück im Bild;;;verfügbar;;;;;;;;;;;;Von der Nutzerin am 24.09.2026 geprueft: kommt nicht in den Katalog. Die Zeile bleibt nur zur Nachvollziehbarkeit der alten K-Nummer stehen.
K-063;;;BE01;Pompon-Kranz rot;Türkranz aus roten Wollbommeln, Eigenarbeit;Deko;;;Flur;1;Stück;gut;;F-052;C;entfällt;ja;25,00;Fix;nur Abholung;1 Stück im Bild;;;verfügbar;;;;;;;;;;;;Von der Nutzerin am 24.09.2026 geprueft: kommt nicht in den Katalog. Die Zeile bleibt nur zur Nachvollziehbarkeit der alten K-Nummer stehen.
K-067;;;NE01;Laterne schwarz;Metall-Glas-Laterne, schwarz;Deko;;;Flur;1;Stück;gut;;F-072;C;entfällt;ja;20,00;Fix;nur Abholung;1 Stück im Bild;;;verfügbar;;;;;;;;;;;;Von der Nutzerin am 24.09.2026 geprueft: kommt nicht in den Katalog. Die Zeile bleibt nur zur Nachvollziehbarkeit der alten K-Nummer stehen.
K-069;;;NE01;Deko-Ring schwarz auf Sockel;Skulpturaler Ring, schwarz, auf Standfuß;Deko;;;Flur;1;Stück;gut;;F-073;C;entfällt;ja;30,00;Fix;nur Abholung;1 Stück im Bild;;;verfügbar;;;;;;;;;;;;Von der Nutzerin am 24.09.2026 geprueft: kommt nicht in den Katalog. Die Zeile bleibt nur zur Nachvollziehbarkeit der alten K-Nummer stehen.
K-070;;;NU01;Bodenvase Keramik beige, groß;Bodenvase, beige/creme, matt, groß;Deko;;;Eingang und Elternlounge;1;Stück;gut;;F-090;C;entfällt;ja;90,00;Fix;nur Abholung;1 Stück im Bild (ohne Treibholz);;;verfügbar;;;;;;;;;;;;Von der Nutzerin am 24.09.2026 geprueft: kommt nicht in den Katalog. Die Zeile bleibt nur zur Nachvollziehbarkeit der alten K-Nummer stehen.
K-071;;;NU01;Bodenvase Keramik beige, klein;Bodenvase, beige/creme, matt, kleiner;Deko;;;Eingang und Elternlounge;1;Stück;gut;;F-090;C;entfällt;ja;60,00;Fix;nur Abholung;1 Stück im Bild;;;verfügbar;;;;;;;;;;;;Von der Nutzerin am 24.09.2026 geprueft: kommt nicht in den Katalog. Die Zeile bleibt nur zur Nachvollziehbarkeit der alten K-Nummer stehen.
K-073;;;NU01;Konsolentisch schwarz, schmal;Schmaler Metall-Konsolentisch, schwarz;Möbel;;;Eingang und Elternlounge;1;Stück;gut;;F-092;C;entfällt;ja;70,00;Fix;nur Abholung;1 Stück im Bild;;;verfügbar;;;;;;;;;;;;Von der Nutzerin am 24.09.2026 geprueft: kommt nicht in den Katalog. Die Zeile bleibt nur zur Nachvollziehbarkeit der alten K-Nummer stehen.
K-074;;;NU01;Gemälde abstrakt schwarz-weiß;Acryl auf Leinwand, Querformat - Eigenarbeit einer Privatperson;Kunst;;;Eingang und Elternlounge;1;Stück;gut;;F-092;B;entfällt;ja;150,00;Fix;nur Abholung;1 Bild im Bild;;;verfügbar;;;;;;;;;;;;Von der Nutzerin am 24.09.2026 geprueft: kommt nicht in den Katalog. Die Zeile bleibt nur zur Nachvollziehbarkeit der alten K-Nummer stehen.
K-076;;;NU01;Tretmülleimer 30 l;Brabantia, schwarz, 30 Liter;Sonstiges;;;Eingang und Elternlounge;1;Stück;gut;;F-075;C;entfällt;ja;60,00;Fix;nur Abholung;1 Stück im Bild;;;verfügbar;;;;;;;;;;;;Von der Nutzerin am 24.09.2026 geprueft: kommt nicht in den Katalog. Die Zeile bleibt nur zur Nachvollziehbarkeit der alten K-Nummer stehen.
K-081;;;BA09;Clivie im Topf;Klivie, Zimmerpflanze;Pflanzen;;;Personalraum;1;Stück;gut;;F-045;C;entfällt;ja;30,00;Fix;nur Abholung;1 Pflanze im Bild;;;verfügbar;;;;;;;;;;;;Von der Nutzerin am 24.09.2026 geprueft: kommt nicht in den Katalog. Die Zeile bleibt nur zur Nachvollziehbarkeit der alten K-Nummer stehen.
K-088;;;BA10;Bogenlampe Chrom;Bogenleuchte, Chromgestell, weißer Kunststoffschirm;Leuchten;;;Ruheraum;1;Stück;gut;;F-059;B;entfällt;ja;130,00;Fix;nur Abholung;1 Leuchte im Bild;;;verfügbar;;;;;;;;;;;;Von der Nutzerin am 24.09.2026 geprueft: kommt nicht in den Katalog. Die Zeile bleibt nur zur Nachvollziehbarkeit der alten K-Nummer stehen.
K-095;;;BA10;Käfigleuchte mit Holzsockel;Kleine Tischleuchte, Drahtkäfig auf Holzfuß;Leuchten;;;Ruheraum;1;Stück;gut;;F-061;C;entfällt;ja;30,00;Fix;nur Abholung;1 Stück im Bild;;;verfügbar;;;;;;;;;;;;Von der Nutzerin am 24.09.2026 geprueft: kommt nicht in den Katalog. Die Zeile bleibt nur zur Nachvollziehbarkeit der alten K-Nummer stehen.
K-098;;;BA04;Sessel Birke mit Bezug;IKEA Poäng, Birke, heller Bezug;Möbel;;;Gruppenraum;1;Stück;gebraucht;;F-063;C;entfällt;ja;45,00;Fix;nur Abholung;1 Sessel im Bild;;;verfügbar;;;;;;;;;;;;Ersetzt durch BA04-05. Die Zeile bleibt nur zur Nachvollziehbarkeit der alten K-Nummer stehen.
K-104;;;NU01;Deko-Pilze Beton auf Holzfuß;Dekopilze, Betonkopf auf Holzstiel, zwei Größen;Deko;;;Eingang und Elternlounge;2;Stück;gut;;F-074;C;entfällt;ja;15,00;Fix;nur Abholung;2 Stück im Bild;;;verfügbar;;;;;;;;;;;;Von der Nutzerin am 24.09.2026 geprueft: kommt nicht in den Katalog. Die Zeile bleibt nur zur Nachvollziehbarkeit der alten K-Nummer stehen.
K-105;;;NU01;Leuchtkasten mit Steckbuchstaben;Lightbox A4 mit Buchstabensatz;Deko;;;Eingang und Elternlounge;1;Stück;gut;;F-074;C;entfällt;ja;25,00;Fix;nur Abholung;1 Stück im Bild;;;verfügbar;;;;;;;;;;;;Von der Nutzerin am 24.09.2026 geprueft: kommt nicht in den Katalog. Die Zeile bleibt nur zur Nachvollziehbarkeit der alten K-Nummer stehen.
K-109;;;BU04;Vase Keramik gestreift;Vase schwarz-weiß gestreift, hoch;Deko;;;Gruppenraum;1;Stück;gut;;F-078;C;entfällt;ja;20,00;Fix;nur Abholung;1 Stück im Bild;;;verfügbar;;;;;;;;;;;;Von der Nutzerin am 24.09.2026 geprueft: kommt nicht in den Katalog. Die Zeile bleibt nur zur Nachvollziehbarkeit der alten K-Nummer stehen.
K-111;;;BU04;Holz-LKW Spielzeug;Großer Spielzeug-LKW aus Holz, Kipper;Kita-Ausstattung;;;Gruppenraum;1;Stück;gut;;F-078;C;entfällt;ja;25,00;Fix;nur Abholung;1 Stück im Bild;;;verfügbar;;;;;;;;;;;;Von der Nutzerin am 24.09.2026 geprueft: kommt nicht in den Katalog. Die Zeile bleibt nur zur Nachvollziehbarkeit der alten K-Nummer stehen.
K-112;;;BU04;Deko-Haus Metall mit Pompons;Hausform aus Metalldraht mit roten Wollbommeln;Deko;;;Gruppenraum;1;Stück;gut;;F-078;C;entfällt;ja;20,00;Fix;nur Abholung;1 Stück im Bild;;;verfügbar;;;;;;;;;;;;Von der Nutzerin am 24.09.2026 geprueft: kommt nicht in den Katalog. Die Zeile bleibt nur zur Nachvollziehbarkeit der alten K-Nummer stehen.
K-114;;;BU04;Schülerstuhl grau;Kunststoffschale grau, Metallgestell, höhenverstellbar;Kita-Ausstattung;;;Gruppenraum;1;Stück;gebraucht;;F-079;C;entfällt;ja;25,00;Fix;nur Abholung;1 Stuhl im Bild - vermutlich mehrere vorhanden;;;verfügbar;;;;;;;;;;;;Von der Nutzerin am 24.09.2026 geprueft: kommt nicht in den Katalog. Die Zeile bleibt nur zur Nachvollziehbarkeit der alten K-Nummer stehen.
K-122;;;TE02;Biohort Freizeitbox weiß (Dachterrasse);Metall-Auflagenbox, weiß, abschließbar, wetterfest, Made in Austria;Garten;;;Dachterrasse;1;Stück;gut;;F-108;A;entfällt;ja;220,00;VHB;nur Abholung;1 Box im Bild - bitte prüfen ob 2 oder 3 Boxen gesamt;;;verfügbar;;;;;;;;;;;;Ersetzt durch TE01-01. Die Zeile bleibt nur zur Nachvollziehbarkeit der alten K-Nummer stehen.
K-124;;;TE01;Schutzhülle für Gartentisch;Abdeckhaube schwarz, wetterfest;Garten;;;Terrasse;1;Stück;gebraucht;;F-095;C;entfällt;ja;20,00;Fix;nur Abholung;1 Stück im Bild;;;verfügbar;;;;;;;;;;;;Ersetzt durch TE01-02. Die Zeile bleibt nur zur Nachvollziehbarkeit der alten K-Nummer stehen.
K-126;;;TE01;Auflagenbox Rattanoptik;Kunststoff-Auflagenbox in Rattanoptik, braun;Garten;;;Terrasse;1;Stück;gebraucht;;F-096;C;entfällt;ja;60,00;Fix;nur Abholung;1 Box im Bild;;;verfügbar;;;;;;;;;;;;Von der Nutzerin am 24.09.2026 geprueft: kommt nicht in den Katalog. Die Zeile bleibt nur zur Nachvollziehbarkeit der alten K-Nummer stehen.
K-129;;;GA01;Gardena Schlauchbox;Wandschlauchbox mit automatischem Aufroller;Garten;;;Garten;1;Stück;gut;;F-100;C;entfällt;ja;60,00;Fix;nur Abholung;1 Stück im Bild;;;verfügbar;;;;;;;;;;;;Von der Nutzerin am 24.09.2026 geprueft: kommt nicht in den Katalog. Die Zeile bleibt nur zur Nachvollziehbarkeit der alten K-Nummer stehen.
K-131;;;TE02;Stapelstuhl anthrazit, Designform;Kunststoff-Schalenstuhl mit Armlehnen, anthrazit, stapelbar;Garten;;;Dachterrasse;4;Stück;gut;;F-101;B;entfällt;ja;35,00;Fix;nur Abholung;4 Stück im Bild;;;verfügbar;;;;;;;;;;;;Ersetzt durch TE02-02. Die Zeile bleibt nur zur Nachvollziehbarkeit der alten K-Nummer stehen.
K-134;;;TE02;Loungesessel Kunststoff weiß;Stapelbarer Loungesessel aus Kunststoff, weiß;Garten;;;Dachterrasse;2;Stück;gebraucht;;F-104;C;entfällt;ja;60,00;Fix;nur Abholung;2 Stück gestapelt im Bild;;;verfügbar;;;;;;;;;;;;Ersetzt durch TE02-08. Die Zeile bleibt nur zur Nachvollziehbarkeit der alten K-Nummer stehen.
K-135;;;TE02;Rattansessel schwarz-weiß;Polyrattan-Sessel, schwarz-weiß gestreift;Garten;;;Dachterrasse;1;Stück;gebraucht;;F-104;C;entfällt;ja;70,00;Fix;nur Abholung;1 Sessel im Bild;;;verfügbar;;;;;;;;;;;;Von der Nutzerin am 24.09.2026 geprueft: kommt nicht in den Katalog. Die Zeile bleibt nur zur Nachvollziehbarkeit der alten K-Nummer stehen.
K-136;;;TE02;Kinder-Gartenstuhl rot;Kunststoff-Gartenstuhl in Kindergröße, rot;Garten;;;Dachterrasse;3;Stück;gebraucht;;F-104;C;entfällt;ja;15,00;Fix;nur Abholung;ca. 3 Stück im Bild - bitte nachzählen;;;verfügbar;;;;;;;;;;;;Ersetzt durch TE02-09. Die Zeile bleibt nur zur Nachvollziehbarkeit der alten K-Nummer stehen.
K-137;;;TE02;Teak-Klappstuhl;Gartenklappstuhl aus Hartholz/Teak;Garten;;;Dachterrasse;6;Stück;gebraucht;;F-105;A;entfällt;ja;55,00;Fix;nur Abholung;ca. 6 Stück im Bild - bitte nachzählen;;;verfügbar;;;;;;;;;;;;Von der Nutzerin am 24.09.2026 geprueft: kommt nicht in den Katalog. Die Zeile bleibt nur zur Nachvollziehbarkeit der alten K-Nummer stehen.
K-141;;;TE02;Bistro-Set schwarz Metall;Gartentisch mit 2 Stühlen, schwarzes Metall, klappbar;Garten;;;Dachterrasse;1;Set;gebraucht;;F-107;C;entfällt;ja;90,00;Fix;nur Abholung;1 Tisch mit 2 Stühlen im Bild;;;verfügbar;;;;;;;;;;;;Von der Nutzerin am 24.09.2026 geprueft: kommt nicht in den Katalog. Die Zeile bleibt nur zur Nachvollziehbarkeit der alten K-Nummer stehen.
NE01-01;K-001;;NE01;Deko-Hirschkopf weiß;Kunstharz, weiß, mit schwarzem Geweih, auf Holzschild, Wandmontage;Deko;;Schwarzwald;Flur;1;Stück;gut;;F-001;C;ja;ja;45,00;Fix;nur Abholung;;;;verfügbar;;;;;;;;;;;;Notiz aus der ersten Liste: 1 Stück im Bild
NE01-02;K-020;;NE01;Trachtenfotografie gerahmt, schwarz;Trachtenfotografien von Wehrle, Fotodruck im schwarzen Rahmen mit Passepartout, ca. 30 x 40 cm - Kaufware;Kunst;;Schwarzwald;Flur;30;Stück;gut;;F-014;B;ja;ja;10,00;Fix;nur Abholung;"30 gerahmte Fotografien mit verschiedenen Motiven; das Foto zeigt eine Auswahl.";;;verfügbar;;;;;;;;;;;ja;Durchsicht 01.10.2026: Menge auf 30 erhöht, Preis von 45 auf 35 € gesenkt. NE01-03 und NU01-08 sind dafür herausgenommen.
NE01-03;K-047;;NE01;Trachtenportrait gerahmt, klein;Fotodruck gerahmt, kleinformatig - Kaufware;Kunst;;Schwarzwald;Flur;3;Stück;gut;;F-029;C;entfällt;nein;35,00;Fix;nur Abholung;;;;verfügbar;;;;;;;;;;;ja;Durchsicht 01.10.2026: aus dem Katalog genommen, die gerahmten Fotografien laufen über NE01-02.
NE01-04;K-049;;NE01;Gemälde Bollenhut abstrakt, schwarz-weiß;Acryl auf Leinwand, ca. 90 x 90 cm - Eigenarbeit einer Privatperson;Kunst;;Schwarzwald;Flur;1;Stück;gut;;F-030;B;ja;ja;150,00;Fix;nur Abholung;;;;verfügbar;;;;;;;;;;;;Notiz aus der ersten Liste: 1 Bild im Bild
NE01-05;K-050;;NE01;Sansevieria groß im Übertopf;Bogenhanf, große Pflanze, weißer Übertopf;Pflanzen;;;Flur;1;Stück;gut;;F-031;C;ja;ja;60,00;Fix;nur Abholung;;;;verfügbar;;;;;;;;;;;;Notiz aus der ersten Liste: 1 Pflanze im Bild
NE01-06;K-051;;NE01;Gemälde Bollenhut rot-weiß;Acryl auf Leinwand, ca. 50 x 60 cm - Eigenarbeit einer Privatperson;Kunst;;Schwarzwald;Flur;1;Stück;gut;;F-032;B;ja;ja;140,00;Fix;nur Abholung;;;;verfügbar;;;;;;;;;;;;Notiz aus der ersten Liste: 1 Bild im Bild
NE01-07;K-052;;NE01;Holz-Schriftzug Heimat;Dekoschriftzug aus Holz;Deko;;Schwarzwald;Flur;1;Stück;gut;;F-032;C;ja;ja;25,00;Fix;nur Abholung;;;;verfügbar;;;;;;;;;;;;Notiz aus der ersten Liste: 1 Stück im Bild
NE01-08;K-053;;NE01;Zamioculcas im Übertopf;Glücksfeder, weißer Übertopf;Pflanzen;;;Flur;1;Stück;gut;;F-033;C;ja;ja;40,00;Fix;nur Abholung;;;;verfügbar;;;;;;;;;;;;Notiz aus der ersten Liste: 1 Pflanze im Bild
NE01-09;K-054;;NE01;Wanddeko Fadenbild schwarz;Schwarzes Fadenbild auf rundem Holzreif, zwei Größen;Deko;;;Flur;2;Stück;gut;;F-034;C;nein;nein;35,00;Fix;nur Abholung;2 Stück (klein und groß);;;entfällt;;;;;;;;;;;;Nicht mehr vorhanden – von der Nutzerin am 24.09.2026 bestaetigt.
NE01-10;K-055;;NE01;Deckenleuchte Pusteblume;IKEA Maskros, weiß, zwei Größen;Leuchten;;;Flur;3;Stück;gut;;F-036;C;ja;ja;50,00;Fix;nur Abholung;;;;verfügbar;;;;;;;;;;;;
NE01-11;K-056;;NE01;Gemälde Bollenhut-Mädchen;Acryl auf Leinwand, ca. 50 x 70 cm - Eigenarbeit einer Privatperson;Kunst;;Schwarzwald;Flur;1;Stück;gut;;F-037;B;ja;ja;360,00;VHB;nur Abholung;;;;verfügbar;;;;;;;;;;;;Notiz aus der ersten Liste: 1 Bild im Bild
NE01-12;K-057;;NE01;Gemälde Fuchs mit Bollenhut;Acryl auf Leinwand, ca. 80 x 100 cm - Eigenarbeit einer Privatperson;Kunst;;Schwarzwald;Flur;1;Stück;gut;;F-038;B;ja;ja;180,00;Fix;nur Abholung;;;;verfügbar;;;;;;;;;;;;Notiz aus der ersten Liste: 1 Bild im Bild
NE01-13;K-058;;NE01;Gemälde Panorama, 3 Figuren;Acryl auf Leinwand, Querformat ca. 90 x 30 cm - Eigenarbeit einer Privatperson;Kunst;;Schwarzwald;Flur;1;Stück;gut;;F-040;B;ja;ja;100,00;Fix;nur Abholung;;;;verfügbar;;;;;;;;;;;;Notiz aus der ersten Liste: 1 Bild im Bild
NE01-14;K-059;;NE01;Gemälde Panorama, 5 Figuren;Acryl auf Leinwand, Querformat - Eigenarbeit einer Privatperson 90x30;Kunst;;Schwarzwald;Flur;1;Stück;gut;;F-041;B;ja;ja;100,00;Fix;nur Abholung;;;;verfügbar;;;;;;;;;;;;Notiz aus der ersten Liste: 1 Bild im Bild
NE01-15;K-066;;NE01;Deko-Tannenbaum schwarz;Metall-Tannenbaum auf Holzsockel, schwarz, verschiedene Größen;Deko;;;Flur;3;Stück;gut;;F-072;C;entfällt;ja;25,00;Fix;nur Abholung;3 Stück im Bild;;;verfügbar;;;;;;;;;;;;Auf dem Erfassungsblatt NE01 durchgestrichen - die Stuecke stehen jetzt im Flur 1 und werden dort als BA01-03 gefuehrt.
NE01-16;K-068;;NE01;Pflanze mit Topf;Pflanze mit Topf;Pflanzen;;;Flur;1;Stück;gut;;F-073;C;ja;ja;20,00;Fix;nur Abholung;;;;verfügbar;;;;;;;;;;;;Notiz aus der ersten Liste: 2 Stück im Bild
NE05-01;K-023;;NE05;Massivholztisch mit Baumkante, Essbereich 160x85;XXXLutz Massivholzplatte mit Baumkante, schwarzes Metallgestell mit Messingfüßen 160x80;Möbel;;;Speisesaal;10;Stück;gebraucht;;F-007;A;ja;ja;250,00;VHB;nur Abholung;10 gleiche Tische: 8 im Speisesaal, 2 im Gruppenraum.;;;verfügbar;;;;;;;;;;;;"Durchsicht 01.10.2026: NU04-03 (2 Stück, gleicher Tisch) zusammengelegt; Foto von NU04-03 übernommen. Das Post-it dort trägt weiter NU04-03."
NE05-02;K-024;;NE05;Sitzbank Massivholz;XXXLutz Passend zu den Baumkantentischen, Massivholz mit Metallgestell 160x40x52cm;Möbel;;;Speisesaal;9;Stück;gebraucht;;F-016;B;ja;ja;50,00;Fix;nur Abholung;;;;verfügbar;;;;;;;;;;;;
NE05-03;K-028;;NE05;Kuckucksuhr groß, geschnitzt;Schwarzwälder Kuckucksuhr, aufwendig geschnitzt mit Hirschkopf, Eulen und Jagdhorn;Uhren;;Schwarzwald;Speisesaal;1;Stück;gut;;F-017;A;ja;ja;550,00;VHB;nur Abholung;;;;verfügbar;;;;;;;;;;;;Notiz aus der ersten Liste: 1 Stück im Bild
NU01-01;K-031;;NU01;Vitra Alcove Sofa, rot;Vitra Alcove, Design Ronan & Erwan Bouroullec, rot, hohe Rückenwände, Chrombeine;Möbel;Vitra;Designklassiker;Eingang und Elternlounge;2;Stück;gebraucht;;F-019;A;ja;ja;1.200,00;VHB;nur Abholung;;630005;1.750,00;verfügbar;;;;;;;;;;;;Notiz aus der ersten Liste: 2 Elemente im Bild - bitte prüfen ob 3
NU01-02;K-034;;NU01;Kuckucksuhr, Wandgruppe;Schwarzwälder Kuckucksuhren verschiedener Größe und Ausführung;Uhren;;Schwarzwald;Eingang und Elternlounge;5;Stück;gut;;F-109;A;ja;ja;75,00;Fix;nur Abholung;verschiedene Ausführungen;;;verfügbar;;;;;;;;;;;;5 Uhren, Anzahl bestätigt am 06.10.2026.
NU01-03;K-035;;NU01;Dekoration in der Vitrine;Dekoration in der Vitrine;Deko;;;Eingang und Elternlounge;1;Stück;gut;;F-110;B;entfällt;ja;50,00;Fix;nur Abholung;;;;verfügbar;;;;;;;;;;;ja;Notiz aus der ersten Liste: 1 Stück im Bild (Inhalt nicht enthalten)
NU01-04;K-060;BE01-08;NU01;Gemälde Heimweh;Acryl auf Leinwand, großformatig ca. 100 x 140 cm - Eigenarbeit einer Privatperson;Kunst;;Schwarzwald;Eingang und Elternlounge;1;Stück;gut;;F-049;B;ja;ja;350,00;VHB;nur Abholung;;;;verfügbar;;;;;;;;;;;;Dasselbe Bild wurde zweimal beschriftet: NU01-04 und BE01-08. Menge bleibt 1. Frueherer Mengenhinweis: 1 Bild. Es trägt zusätzlich den Post-it BE01-08 aus dem Flur 1 des Bestandsgebäudes – es ist nur ein Bild, nicht zwei. Eine Nahaufnahme steht auf Foto F-493.
NU01-05;K-061;;NU01;Deko-Hirschkopf geometrisch;Hirschkopf in geometrischer Form, Beton-/Holzoptik;Deko;;Schwarzwald;Eingang und Elternlounge;2;Stück;gut;;F-050;C;ja;ja;40,00;Fix;nur Abholung;;;;verfügbar;;;;;;;;;;;;Notiz aus der ersten Liste: 1 Stück im Bild
NU01-06;K-072;;NU01;Gemälde Marilyn mit Bollenhut;Acryl auf Leinwand, großformatig ca. 90 x 90 cm - Eigenarbeit einer Privatperson;Kunst;;Schwarzwald;Eingang und Elternlounge;1;Stück;gut;;F-091;B;ja;ja;350,00;VHB;nur Abholung;;;;verfügbar;;;;;;;;;;;;Notiz aus der ersten Liste: 1 Bild im Bild
NU01-07;K-075;;NU01;Trachtenportrait gerahmt, klein;Trachtenportrait gerahmt, klein;Deko;;Schwarzwald;Eingang und Elternlounge;1;Set;gut;;F-075;C;entfällt;ja;45,00;Fix;nur Abholung;;;;verfügbar;;;;;;;;;;;ja;Notiz aus der ersten Liste: 1 Stück im Bild
NU01-08;K-103;;NU01;Trachtenfotografie gerahmt, weiß;Fotodruck im weißen Rahmen, ca. 20 x 25 cm - Kaufware;Kunst;;Schwarzwald;Eingang und Elternlounge;5;Stück;gut;;F-074;C;entfällt;ja;35,00;Fix;nur Abholung;;;;verfügbar;;;;;;;;;;;ja;Notiz aus der ersten Liste: 5 Rahmen im Bild
NU01-09;K-106;;NU01;Trachtenfotografie gerahmt, schwarz;Fotodruck im schwarzen Rahmen mit Passepartout - Kaufware;Kunst;;Schwarzwald;Eingang und Elternlounge;4;Stück;gut;;F-075;C;entfällt;ja;35,00;Fix;nur Abholung;;;;verfügbar;;;;;;;;;;;ja;Notiz aus der ersten Liste: 4 Rahmen im Bild, ggf. mehr
NU01-10;K-107;;NU01;Gemälde Panorama mit Tanne;Acryl auf Leinwand, Querformat ca. 90 × 30 cm – Eigenarbeit einer Privatperson;Kunst;;Schwarzwald;Eingang und Elternlounge;2;Stück;gut;;F-076;B;ja;ja;120,00;Fix;nur Abholung;;;;verfügbar;;;;;;;;;;;;Notiz aus der ersten Liste: 1 Bild im Bild
NU01-11;K-108;;NU01;Bilderrahmen schwarz mit Strichfigur;Gerahmte Drucke mit Bollenhut-Strichfiguren, schwarze Rahmen;Kunst;;;Eingang und Elternlounge;4;Stück;gut;;F-077;C;ja;ja;15,00;Fix;nur Abholung;;;;verfügbar;;;;;;;;;;;;Notiz aus der ersten Liste: 4 Rahmen erkennbar
NU01-12;;;NU01;Läufer dunkelgrau, IKEA Morum;Flachgewebter Läufer in Dunkelgrau, IKEA Morum (In-/Outdoor-Qualität), strukturierte Webung.;Textilien;IKEA;;Eingang und Elternlounge;15;Stück;gebraucht;;F-134;C;ja;ja;15,00;Fix;nur Abholung;;;;verfügbar;;;;;;;;;;;;
NU02-01;K-004;;NU02;Kommode weiß, 6 Schubladen;IKEA Nordli, weiß, hoch, 6 Schubladen;Möbel;;;Gruppenraum;1;Stück;gebraucht;;F-003;B;ja;ja;110,00;Fix;nur Abholung;;670013;379,00;verfügbar;;;;;;;;;;;;Notiz aus der ersten Liste: 1 Stück im Bild
NU03-01;K-007;;NU03;Kommode weiß, hoch, 7 Schubladen;IKEA Nordli, weiß, hohe Ausführung;Möbel;;;Schlafraum;1;Stück;gebraucht;;F-004;B;ja;ja;110,00;Fix;nur Abholung;;;;verfügbar;;;;;;;;;;;;Notiz aus der ersten Liste: 1 Stück im Bild
NU04-01;K-008;;NU04;Wanddeko Hirschkopf Sperrholz;3D-Stecksatz aus Sperrholz, schwarz lackiert, Wandmontage;Deko;;;Schlafraum;3;Stück;gut;;F-005;C;ja;ja;15,00;Fix;nur Abholung;;;;verfügbar;;;;;;;;;;;;Notiz aus der ersten Liste: 3 Stück im Bild
NU04-02;K-009;;NU04;Kommode anthrazit, groß;"IKEA Nordli, anthrazit, große Kombination, ca. 12-14 Schubladen; 2 Schubladen bereits repariert; funktionsfähig";Möbel;;;Schlafraum;1;Stück;gebraucht;;F-006;B;ja;ja;220,00;VHB;nur Abholung;;;;verfügbar;;;;;;;;;;;;Notiz aus der ersten Liste: 1 große Einheit im Bild
NU04-03;K-011;;NU04;Massivholztisch mit Baumkante;Massivholzplatte mit natürlicher Baumkante, schwarzes Metallgestell, ca. 200 x 90 cm;Möbel;;;Schlafraum;2;Stück;gebraucht;;F-007;A;entfällt;ja;450,00;VHB;nur Abholung;;;;verfügbar;;;;;;;;;;;;Durchsicht 01.10.2026: zusammengelegt in NE05-01 (gleicher Tisch, 2 Stück).
NU04-04;K-012;;NU04;Magnettafel grau, groß;Magnet-/Schreibtafel, grau, beschriftet, Wandmontage;Büro;;;Schlafraum;1;Stück;gebraucht;;F-008;C;ja;ja;45,00;Fix;nur Abholung;;;;verfügbar;;;;;;;;;;;;Notiz aus der ersten Liste: 1 Stück im Bild
NU04-05;K-014;;NU04;Hochflorteppich beige;Hochflorteppich in Beige, IKEA Ådum. Gereinigt.;Textilien;IKEA;;Schlafraum;2;Stück;gebraucht;120 × 240 cm;F-009;C;ja;ja;35,00;Fix;nur Abholung;;;;verfügbar;;;;;;;;;;;;
NU04-06;K-015;;NU04;Teppich schwarz-weiß Rautenmuster;Flachgewebter Teppich mit schwarz-weißem Rautenmuster, IKEA Lappljung Ruta.;Textilien;IKEA;;Schlafraum;6;Stück;gebraucht;200 × 300 cm;F-011;C;ja;ja;30,00;Fix;nur Abholung;;;;verfügbar;;;;;;;;;;;;
TE01-01;K-121;;TE01;Biohort Freizeitbox weiß (Terrasse);"Biohort Freizeitbox weiß (Terrasse)
Alu-Auflagenbox, weiß, abschließbar, wetterfest 200cm";Garten;Biohort;Außenbereich;Terrasse;2;Stück;gut;;F-094;A;ja;ja;350,00;VHB;nur Abholung;;;;verfügbar;;;;;;;;;;;;Die Box auf der Dachterrasse ist auf Foto F-108 zu sehen.
TE01-02;K-123;;TE01;Gartentisch mit Granitplatte inkl. Stühle und Schutzhülle;Granitplatte auf Aluminiumgestell, ca. 160 x 90 cm inkl. Stühle und Schutzhülle;Garten;;Außenbereich;Terrasse;1;Stück;gut;;F-095;A;ja;ja;150,00;Fix;nur Abholung;;;;verfügbar;;;;;;;;;;;;Notiz aus der ersten Liste: 1 Tisch im Bild
TE01-03;K-125;;TE01;Textilene-Stapelsessel anthrazit;Hochlehner, Aluminiumrahmen mit Textilenbespannung, stapelbar;Garten;;Außenbereich;Terrasse;4;Stück;stark gebraucht;;F-096;B;ja;ja;10,00;Fix;nur Abholung;;;;verfügbar;;;;;;;;;;;;Notiz aus der ersten Liste: 4 Stück im Bild
TE01-04;K-132;;TE01;Weber Genesis Gasgrill;Weber Genesis, Kupfer/Edelstahl, 4 Brenner mit Sear Station, inkl. Gasflasche;Garten;Weber;Außenbereich;Terrasse;1;Stück;gebraucht;;F-102;A;ja;ja;400,00;VHB;nur Abholung;;;;verfügbar;;;;;;;;;;;ja;Notiz aus der ersten Liste: 1 Grill im Bild
TE01-05;K-133;;TE01;Sonnenschirm creme;Marktschirm mit Holzstiel, creme, ca. 3 m Durchmesser;Garten;;Außenbereich;Terrasse;1;Stück;gebraucht;;F-103;C;ja;ja;70,00;Fix;nur Abholung;;;;verfügbar;;;;;;;;;;;;Notiz aus der ersten Liste: 1 Schirm im Bild
TE02-01;K-127;;TE02;Pflanzkübel Plastik weiß;Runder Pflanzkübel, Betonoptik weiß, Durchmesser ca. 50 cm;Garten;;Außenbereich;Dachterrasse;4;Stück;gebraucht;;F-098;C;ja;ja;60,00;Fix;nur Abholung;;;;verfügbar;;;;;;;;;;;;Notiz aus der ersten Liste: 3 Kübel im Bild
TE02-02;K-128;;TE02;Gartenstuhl Kunststoff anthrazit;Stapelbarer Gartenstuhl mit Armlehnen, anthrazit;Garten;;Außenbereich;Dachterrasse;6;Stück;gebraucht;;F-099;C;ja;ja;10,00;Fix;nur Abholung;;;;verfügbar;;;;;;;;;;;;Notiz aus der ersten Liste: 4 Stück gestapelt im Bild
TE02-03;K-130;;TE02;Gartentisch anthrazit;Aluminiumrahmen mit Lamellenplatte in Holzoptik, anthrazit inkl. Stühle;Garten;;Außenbereich;Dachterrasse;1;Stück;gut;;F-101;B;ja;ja;150,00;Fix;nur Abholung;;;;verfügbar;;;;;;;;;;;;Notiz aus der ersten Liste: 1 Tisch im Bild
TE02-04;K-138;;TE02;Teak-Klapptisch rund;Runder Gartenklapptisch aus Hartholz/Teak inkl. Stühle;Garten;;Außenbereich;Dachterrasse;1;Set;gebraucht;;F-105;A;entfällt;ja;150,00;Fix;nur Abholung;;;;verfügbar;;;;;;;;;;;;Notiz aus der ersten Liste: 1 Tisch im Bild
TE02-05;K-139;;TE02;Pflanzkübel grau, groß;Kunststoff-Pflanzkübel grau, Durchmesser ca. 60 cm;Garten;;Außenbereich;Dachterrasse;2;Stück;gut;;F-106;C;entfällt;ja;90,00;Fix;nur Abholung;;;;verfügbar;;;;;;;;;;;;Notiz aus der ersten Liste: 1 Kübel im Bild
TE02-06;K-140;;TE02;Holzstern mit Lichterkette;Großer Dekostern aus Holzlatten mit Lichterkette, ca. 2 m;Deko;;Außenbereich;Dachterrasse;1;Stück;gebraucht;;F-107;B;ja;ja;130,00;Fix;nur Abholung;;;;verfügbar;;;;;;;;;;;;Notiz aus der ersten Liste: 1 Stern im Bild
NU01-13;;;NU01;Vitrine Nussbaum, vierteilig;Vitrine im Barockstil, Nussbaum furniert. Vier Türen, davon zwei mit Glas und Glaseinlegeböden, geschnitzte Zierleisten, Schloss vorhanden.;Möbel;;;Eingang und Elternlounge;1;Stück;gebraucht;;F-114;B;ja;ja;250,00;VHB;nur Abholung;;;;verfügbar;;;;;;;;;;;;Personenfotos in der Vitrine sind im Bild maskiert (so gewollt). Die Dekoration darin ist Position NU01-03 und wird getrennt verkauft.
NU01-14;;BA02-01;NU01;Kindergarderobe mit Sitzbank, weiß;Schreinerarbeit aus weiß beschichteter Platte mit Multiplex-Kanten. Oben vier offene Fächer, darunter vier weiße Doppelhaken, Sitzbank mit Schuhrost aus Holzlatten.;Kita-Ausstattung;;Garderobe;Eingang und Elternlounge;10;Stück;gebraucht;;F-115;B;ja;ja;150,00;Fix;nur Abholung;;;;verfügbar;;;;;;;;;;;;Zusammengefasste Position – Post-it-Nummer im zweiten Raum: BA02-01. Frueherer Mengenhinweis: 10 Garderoben insgesamt: 5 im Flur des Neubaus (NU01-14) und 5 im Flur 2 des Bestandsgebäudes (dort mit BA02-01 beschriftet). Abgebildet ist eine davon, eine zweite auf Foto F-272.
NU01-15;;;NU01;Garderobenschrank weiß mit Grafikfront;Weiß beschichteter Schrank mit hoher Tür und Schubladen, Griffmulden ohne Beschläge.;Möbel;;Garderobe;Eingang und Elternlounge;4;Stück;gebraucht;;F-118;B;ja;ja;50,00;Fix;nur Abholung;;;;verfügbar;;;;;;;;;;;;
NU01-16;;;NU01;Waschmaschine LG 17 kg, F11WM17VT2;LG Vollwaschautomat, Inverter Direct Drive, TrueSteam, 17 kg Füllmenge. Modell F11WM17VT2 laut Typenschild, 2000–2250 W. Gewerblich genutzt.;Technik;LG;;Eingang und Elternlounge;1;Stück;gut;99 × 70 × 77 cm (H×B×T);F-119;A;entfällt;ja;350,00;VHB;nur Abholung;;;;verfügbar;;;;;;;;;;;;Typenschild ist abfotografiert (Foto F-121).
NU01-17;;;NU01;Wärmepumpentrockner Miele T1 Excellence, 8 kg;Miele Wärmepumpentrockner der Reihe T1 Excellence, 8 kg. Typenschild: TEC235WP, Type HT30. Aufkleber des Elektrofachbetriebs Frommer, VS-Schwenningen.;Technik;Miele;;Eingang und Elternlounge;1;Stück;gut;;F-120;A;entfällt;ja;400,00;VHB;nur Abholung;;;;verfügbar;;;;;;;;;;;;Typenschild ist abfotografiert (Foto F-122).
NU01-18;;;NU01;Waschmaschine Candy RapidÓ, 9 kg;Candy RapidÓ, 9 kg, 1400 Touren, Speed-Drive-Inverter, Simply-Fi (App-Anbindung), Kg Detector. Modell RO14960WMC5/1-S laut Typenschild, 1600 W.;Technik;Candy;;Eingang und Elternlounge;1;Stück;gebraucht;;F-123;B;ja;ja;200,00;VHB;nur Abholung;;;;verfügbar;;;;;;;;;;;;Typenschild ist abfotografiert (Foto F-124).
NU01-19;;;NU01;Kindergarderobe mit Hakenleiste und Wannen, weiß;Zweiteilige Kindergarderobe: oben ein Wandelement mit drei offenen Fächern 100x30 und darin liegenden Kunststoffwannen sowie jeweils 3 rote Doppelhaken, unten eine weiße Sitzbank aus Holz mit Schublade ca. 88x40cm. Beide Teile gehören zusammen.;Kita-Ausstattung;;Garderobe;Eingang und Elternlounge;4;Stück;gebraucht;;F-125;B;ja;ja;110,00;Fix;nur Abholung;;;;verfügbar;;;;;;;;;;;;
NU01-20;;;NU01;Clubsessel rot, Kunstleder;Runder Clubsessel in Tonnenform, roter Kunstlederbezug, niedrige Sitzhöhe – im Haus als Kindersessel genutzt. Gebrauchsspuren an Kanten und Sitzfläche, kleine Risse im Bezug.;Möbel;;;Eingang und Elternlounge;2;Stück;gebraucht;;F-127;B;ja;ja;60,00;Fix;nur Abholung;für Kinder;;;verfügbar;;;;;;;;;;;;
NU01-21;;;NU01;"Leuchte Mr Maria „Miffy"", groß";Steh-/Tischleuchte in Hasenform von Mr Maria (Amsterdam), Motiv Miffy, weißer Kunststoff, LED, Anschluss über Netzteil mit USB. Typenschild: MR LED8. Das größere der beiden Exemplare.;Leuchten;Mr Maria;Designklassiker;Eingang und Elternlounge;1;Stück;gut;;F-135;A;ja;ja;140,00;Fix;nur Abholung;;;;verfügbar;;;;;;;;;;;;
NU01-22;;;NU01;"Leuchte Mr Maria „Miffy"", klein";Tischleuchte in Hasenform von Mr Maria (Amsterdam), Motiv Miffy, weißer Kunststoff, LED, Anschluss über Netzteil mit USB. Die kleinere Ausführung.;Leuchten;Mr Maria;Designklassiker;Eingang und Elternlounge;3;Stück;gut;;F-136;A;ja;ja;60,00;Fix;nur Abholung;;;;verfügbar;;;;;;;;;;;;
NU02-02;;NU04-12, BU02-04, NE05-10;NU02;Kinderstuhl IKEA Kritter, weiß;Kinderstuhl aus Massivholz, weiß lackiert, Rückenlehne mit ausgestanzter Katze und Hund. Etikett an der Unterseite: IKEA Kritter, Herstelldatum 2019. Farbe an Sitzkanten und Ecken abgeplatzt.;Kita-Ausstattung;IKEA;;Gruppenraum;40;Stück;gebraucht;;F-138;C;ja;ja;5,00;Fix;nur Abholung;15 der Stühle: stark gebraucht, die übrigen gebraucht.;;;verfügbar;;;;;;;;;;;;Zusammengefasste Position ueber fuenf Raeume. Post-it-Nummern: NU04-12, BU02-04, NE05-10. In NU03 nicht erneut anlegen. Frueherer Mengenhinweis: 40 Stühle insgesamt: 10 im Gruppenraum 5 und im Nachbarraum NU03, 6 im Schlafraum 5 (NU04-12), 15 im Flur 2 im Untergeschoss (BU02-04) und 9 im Speisesaal (NE05-10). Die 15 Stühle aus dem Flur 2 sind stark gebraucht. Ein Stuhl aus dem Speisesaal ist auf Foto F-477 zu sehen.
NU02-03;;;NU02;Kindertisch rund, weiß;Runde Tischplatte in Weiß mit Multiplex-Kante auf verchromten Rundfüßen. Durchmesser: 105 cm Oberfläche verkratzt und mit Farbspuren.;Kita-Ausstattung;;;Gruppenraum;2;Stück;gebraucht;;F-141;B;ja;ja;60,00;Fix;nur Abholung;;;;verfügbar;;;;;;;;;;;;Gesamtstückzahl über Gruppenraum 5 und den Nachbarraum NU02/NU03 hinweg, so vom Haus gezählt. In NU03 nicht erneut anlegen.
NU02-04;;;NU02;Kinderstuhl VS, grau;Schalenstuhl von VS (Vereinigte Spezialmöbelfabriken) auf grauem Kufengestell. Kunststoffschale mit Griffloch in der Lehne, Sitzfläche mit Belüftungslöchern. Schulmöbelqualität.;Kita-Ausstattung;VS;;Gruppenraum;8;Stück;gut;;F-142;B;ja;ja;45,00;Fix;nur Abholung;;;;verfügbar;;;;;;;;;;;;Das Logo auf der Lehne ist auf Foto F-143 zu sehen.
NU02-05;;;NU02;Kindertisch halbrund, weiß;Halbrunde Tischplatte in Weiß mit Holzkante, auf dunklen Rundfüßen. Gesamtdurchmesser: 100cm  Zwei Tische ergeben zusammen einen ovalen Tisch.;Kita-Ausstattung;;;Gruppenraum;4;Stück;gebraucht;;F-144;B;ja;ja;45,00;Fix;nur Abholung;;;;verfügbar;;;;;;;;;;;;
NU02-07;;;NU02;Beistelltisch Drahtkorb, Kupfer;"Runder Beistelltisch: Drahtkorb in Kupferoptik mit abnehmbarer Platte in Holzoptik. Der Korb lässt sich als Ablage nutzen. Durchmesser: 40cm; Höhe 36cm";Möbel;;;Gruppenraum;2;Stück;gut;;F-147;C;ja;ja;25,00;Fix;nur Abholung;;;;verfügbar;;;;;;;;;;;;
NU02-08;;;NU02;Ohrensessel klein, creme;Kleiner Ohrensessel mit cremefarbenem Bouclé-Bezug und schwarz lackierten, geschwungenen Holzbeinen. Niedrige Sitzhöhe.;Möbel;;;Gruppenraum;1;Stück;gebraucht;;F-148;B;ja;ja;50,00;Fix;nur Abholung;;;;verfügbar;;;;;;;;;;;;
NU02-09;;;NU02;Spieltisch Kiefer mit weißen Einlagen;Quadratischer Tisch: Rahmen und Beine aus Kiefer massiv, zwei weiße Einlegeplatten in der Tischfläche mit Griffloch. Kanten und Platten mit Gebrauchsspuren. 83x58cm;Kita-Ausstattung;;;Gruppenraum;4;Stück;gebraucht;;F-149;B;ja;ja;35,00;Fix;nur Abholung;4 gleiche Tische, sie stehen in verschiedenen Räumen.;;;verfügbar;;;;;;;;;;;;Durchsicht 01.10.2026: zusammengelegt mit NU04-21 (1 Stück) und BU02-10 (2 Stück). Deren Post-its tragen weiter die alten Nummern.
NU02-11;;;NU02;IKEA Småstad Bank weiß mit grauer Platte;IKEA Småstad Bank mit weißen Seitenwangen und dunkelgrauer Platte, auf Gleitern. 90x50cm  als Arbeits- oder Basteltisch genutzt.;Möbel;IKEA;;Gruppenraum;1;Stück;gebraucht;;F-153;B;ja;ja;30,00;Fix;nur Abholung;;;;verfügbar;;;;;;;;;;;;
NU02-12;;;NU02;Pinolino Kindersitzgruppe rund, Holz;Runder Kindertisch mit vier angebauten, geschwungenen Sitzbänken, Nadelholz. Von Pinolino. Stand im Freien und ist verwittert.;Kita-Ausstattung;Pinolino;;Gruppenraum;1;Stück;gebraucht;;F-154;B;ja;ja;50,00;Fix;nur Abholung;;;;verfügbar;;;;;;;;;;;;
NU02-13;;;NU02;IKEA Mammut Kindertisch mit vier Stühlen;Kindertisch und vier Kinderstühle aus weißem Kunststoff, IKEA Mammut. Stand im Freien, Oberflächen verschmutzt und stumpf.;Kita-Ausstattung;IKEA;;Gruppenraum;1;Set;stark gebraucht;;F-157;B;ja;ja;35,00;Fix;nur Abholung;1 Set;;;verfügbar;;;;;;;;;;;;
NU02-14;;;NU02;IKEA Mammut Kinderstuhl, verschiedene Farben;Kinderstuhl aus Kunststoff, IKEA Mammut, in verschiedenen Farben. Stand im Freien, Farben deutlich ausgeblichen.;Kita-Ausstattung;IKEA;;Gruppenraum;3;Stück;stark gebraucht;;F-158;C;ja;ja;5,00;Fix;nur Abholung;2xRosa 1xGrün;;;verfügbar;;;;;;;;;;;;Insgesamt stehen 68 Mammut-Kinderstühle zum Verkauf: 20 rot (TE02-09), 20 weiß (TE02-13 und GA01-06), 16 grün (TE02-10 und NU02-14), 6 rosa (TE02-14, GA01-08 und NU02-14) und 6 blau (GA01-07).
NU02-15;;;NU02;Ablagetisch Bambus mit Wanne;"Schmales Gestell aus Bambus mit Lattenboden und aufgelegter weißer Wanne. Im Haus als Aufbewahrung und Servierwagen genutzt. 84x24cm; Höhe: 70cm";Möbel;;;Gruppenraum;1;Stück;gebraucht;;F-160;B;ja;ja;30,00;Fix;nur Abholung;;;;verfügbar;;;;;;;;;;;;
NU02-16;;;NU02;Wandregal beige, lang;Langes Wandregal mit hoher Rückkante, beige beschichtet. 120x25cm;Möbel;;;Gruppenraum;3;Stück;gebraucht;;F-161;C;ja;ja;15,00;Fix;nur Abholung;;;;verfügbar;;;;;;;;;;;;
NU02-17;;;NU02;Wandregal weiß, kurz;Kurzes Wandregal mit Rückkante, weiß beschichtet, sichtbar verschraubt.;Möbel;;;Gruppenraum;2;Stück;gebraucht;;F-162;C;ja;ja;10,00;Fix;nur Abholung;;;;verfügbar;;;;;;;;;;;;
NU02-18;;;NU02;Vitra Eames Elephant, 2x große Ausführung und 1x kleine Ausführung;"Eames Elephant von Vitra, Entwurf Charles und Ray Eames 1945: Sitz- und Spieltier in Elefantenform aus Kunststoff, große Ausführung. An der Flanke ein rundes Metallplättchen mit der Prägung ""Design: Charles & Ray Eames, 1945 – © Eames Office – www.vitra.com – Elephant"". Ein weißes und zwei schwarze Exemplare, alle mit Gebrauchsspuren";Deko;Vitra;Designklassiker;Gruppenraum;3;Stück;gebraucht;;F-163;A;ja;ja;220,00;VHB;nur Abholung;1x Weiß 1xSchwarz sowie 1xschwarz klein;;;verfügbar;;;;;;;;;;;;Das Plättchen am schwarzen Exemplar ist auf Foto F-486 zu sehen, das am weißen auf Foto F-488. Die kleine Ausführung steht unter NU02-25.
NU02-19;;;NU02;Schrank weiß, zwei Türen;"Hoher Schrank in Weiß mit zwei Türen und schwarzen Griffmulden, Breite: 60cm; Tiefe 51cm Höhe 195cm";Möbel;;;Gruppenraum;1;Stück;gebraucht;;F-165;B;ja;ja;50,00;Fix;nur Abholung;;;;verfügbar;;;;;;;;;;;;Foto F-167 zeigt ihn neben NU02-20, das gibt die Größe.
NU02-20;;;NU02;Schrank weiß mit zwei Schubladen;"Schrank in Weiß mit zwei Türen oben und zwei großen Schubladen mit ovalen Griffmulden darunter,  Breite: 60cm; Tiefe 51cm Höhe 195cm";Möbel;;;Gruppenraum;1;Stück;gebraucht;;F-166;B;ja;ja;50,00;Fix;nur Abholung;;;;verfügbar;;;;;;;;;;;;Foto F-167 zeigt ihn neben NU02-19, das gibt die Größe.
NU02-21;;;NU02;Regal weiß, hoch, drei Fächer;"Hohes offenes Regal in Weiß mit drei Fächern und verstellbaren Böden. Die Rückwand ist auf Höhe des mittleren Bodens ausgebrochen. 50x60; Höhe 130cm";Möbel;;;Gruppenraum;1;Stück;stark gebraucht;;F-168;C;ja;ja;40,00;Fix;nur Abholung;;;;verfügbar;;;;;;;;;;;;
NU02-22;;;NU02;Acrylbild schwarz-weiß, abstrakt;Acryl auf Leinwand, abstrakte schwarz-weiße Komposition mit breitem Pinselzug und Farbspritzern. Eigenarbeit einer Privatperson, 90x90cm;Kunst;;;Gruppenraum;3;Stück;gut;;F-169;B;ja;ja;80,00;Fix;nur Abholung;;;;verfügbar;;;;;;;;;;;;3 Bilder in unterschiedlichen Formaten: ein großes quadratisches (abgebildet) und zwei kleinere im Querformat, siehe Foto F-170.
NU02-23;;;NU02;Kindertisch weiß aus vier Segmenten;"Vier trapezförmige Tischsegmente für Kinder mit weißer Platte, Multiplex-Kante und verchromten Rundfüßen in Kinderhöhe. Zusammengestellt ergeben sie einen großen Gruppentisch, einzeln sind sie frei kombinierbar. Gesamtlänge 240cm; Breite 90cm;";Möbel;;;Gruppenraum;1;Set;gebraucht;;F-171;A;ja;ja;250,00;VHB;nur Abholung;;;;verfügbar;;;;;;;;;;;;
NU02-24;;;NU02;Regal weiß, niedrig, drei Fächer ohne Inhalt;"Niedriges offenes Regal in Weiß mit grauem Boden auf Rundfüßen aus Metall, drei Fächer.85x40; Höhe: 90cm ohne Inhalt";Möbel;;;Gruppenraum;1;Stück;gebraucht;;F-172;B;ja;ja;35,00;Fix;nur Abholung;;;;verfügbar;;;;;;;;;;;;
NU03-02;;NE03-02, NE04-01;NU03;Stockbett weiß mit Absturzsicherung;"Etagenbett vom Tischler, Ende 2019 als Sonderanfertigung gebaut: Multiplex, weiß melaminharzbeschichtet, mit sichtbaren Multiplex-Kanten, abgerundeten Ausschnitten und durchgehender Absturzsicherung oben. Liegefläche je 120x60 cm. Sehr solide und in gutem Zustand. Neupreis 726 €. Die Matratzen können auf Wunsch mitgenommen werden. 125x65; Höhe 140cm";Kita-Ausstattung;;Schlafen und Wickeln;Schlafraum;16;Stück;gut;;F-175;A;ja;ja;400,00;VHB;nur Abholung;Matratzen auf Wunsch inkl.;;;verfügbar;;;;;;;;;;;;Zusammengefasste Position über drei Räume – Post-it-Nummern: NE03-02, NE04-01. Der Rundgang durch die Schlafräume ist damit abgeschlossen. Frueherer Mengenhinweis: 16 Betten insgesamt: 4 im Schlafraum 4 (NU03-02), 10 im Schlafraum 2 (NE03-02) und 2 im Schlafraum 3 (NE04-01). Die Matratzen können auf Wunsch mitgenommen werden. Betten mit Aufstiegstreppe sind auf den Fotos F-439 und F-451 zu sehen. 07.10.2026: Tischleranfertigung Ende 2019, Neupreis 726 €, Liegefläche 120x60 (Angaben der Nutzerin).
NU03-03;;;NU03;Wesco Spielküche, 5 Module;"Spielküche von Wesco aus Birke-Multiplex, fünf Module: Spüle mit Becken, Kochfeld mit Drehknöpfen, Backofen mit Sichtfenster sowie Kühl- und Gefriermodul. Weiße Fronten mit Holzgriffen, die Module stehen frei und sind einzeln aufstellbar.; mit Zubehör";Kita-Ausstattung;Wesco;Rollenspiel;Schlafraum;1;Set;gebraucht;;F-176;A;ja;ja;650,00;VHB;nur Abholung;;;;verfügbar;;;;;;;;;;;;Wesco ist institutionelle Qualitaet, neu kostet ein Modul 300-600 EUR. Nach dem Vitra Alcove die wertvollste Position. Eine zweite, anders zusammengesetzte Wesco-Küche steht unter NU07-03.
NU03-04;;;NU03;Wesco Bügelbrett und Wäscheständer, Kindergröße;Kinder-Bügelbrett von Wesco aus Birke-Multiplex mit gelbem Aufdruck, klappbar, sowie ein passender Wäscheständer aus Holz mit Schnüren.;Kita-Ausstattung;Wesco;;Schlafraum;2;Stück;gebraucht;;F-177;B;ja;ja;35,00;Fix;nur Abholung;;;;verfügbar;;;;;;;;;;;;2 Teile: ein Bügelbrett und ein Wäscheständer, beide auf Foto F-178 zu sehen.
NU03-05;;;NU03;Flumi Kindersessel, beige Bouclé;Kindersessel von Flumi, beigefarbener Bouclé-Bezug, runde Form mit zwei kleinen Ohren an der Lehne. Markenetikett an der Vorderseite.;Kita-Ausstattung;Flumi;;Schlafraum;2;Stück;gebraucht;;F-179;B;ja;ja;60,00;Fix;nur Abholung;;;;verfügbar;;;;;;;;;;;;
NU03-06;;;NU03;IKEA Trofast Wandregal Kiefer mit Fächern;IKEA Trofast Wandregal aus Kiefer massiv mit eingenuteten Trennbrettern, drei Fächer. Ca. 90x20;Kita-Ausstattung;IKEA;;Schlafraum;4;Stück;gebraucht;;F-180;B;ja;ja;35,00;Fix;nur Abholung;4 Regale, sie hängen in zwei Räumen.;;;verfügbar;;;;;;;;;;;;"Zwei der vier Regale hängen im Bastelraum BU09 (Angabe der Nutzerin vom 29.09.2026); sie tragen dort kein eigenes Post-it."
NU03-07;;;NU03;IKEA Trofast Offenes Regal Kiefer, drei Fächer;"IKEA Trofast Niedriges offenes Regal aus Kiefer massiv mit eingenuteten Trennbrettern, drei Fächer, zum Stellen oder Stapeln. 95x40; ca. 52 cm hoch";Kita-Ausstattung;IKEA;;Schlafraum;1;Stück;gebraucht;;F-181;B;ja;ja;45,00;Fix;nur Abholung;;;;verfügbar;;;;;;;;;;;;
NU03-08;;;NU03;IKEA Malm Kommode, 3 Schubladen, weiß;Kommode IKEA Malm in Weiß mit drei Schubladen, griffmuldenlos. Fronten mit Beschriftungsaufklebern, die sich abziehen lassen. 80x48x77cm;Möbel;IKEA;;Schlafraum;2;Stück;gebraucht;;F-183;B;entfällt;ja;50,00;Fix;nur Abholung;;;;verfügbar;;;;;;;;;;;;
NU03-09;;;NU03;IKEA Trofast Treppenregal Kiefer mit Wannen;"IKEA Trofast Stufenförmiges Regal aus Kiefer massiv mit eingehängten Kunststoffwannen, als Raumteiler und Spielzeugaufbewahrung genutzt. 95x44; Höhe 90cm";Kita-Ausstattung;IKEA;;Schlafraum;2;Stück;gebraucht;;F-182;B;ja;ja;50,00;Fix;nur Abholung;ohne Inhalt;;;verfügbar;;;;;;;;;;;;
NU03-10;;BU04-05;NU03;IKEA Kinderstuhl mit Gurt;Kinderstuhl von IKEA: weiße Kunststoffschale, graue Stahlbeine, Sicherheitsgurt. Ein Teil der Stühle hat ein Esstablett.;Kita-Ausstattung;IKEA;;Schlafraum;19;Stück;gebraucht;;F-184;C;ja;ja;10,00;Fix;nur Abholung;10 Stühle mit Esstablett, 9 ohne Esstablett;;;verfügbar;;;;;;;;;;;;"Zusammengefasste Position über zwei Räume – Post-it-Nummer: BU04-05. Die Nutzerin hat am 24.09.2026 bestaetigt, dass keine weiteren Hochstuehle aus anderen Raeumen dazukommen. Frueherer Mengenhinweis: 19 Stühle insgesamt: 9 im Schlafraum 4 (NU03-10, ohne Esstablett) und 10 im Gruppenraum im Untergeschoss (BU04-05, mit Esstablett). Abgebildet ist einer der Stühle ohne Tablett; die gestapelten Stühle mit Tablett sind auf Foto F-396 zu sehen."
NU04-07;;;NU04;IKEA Agam Kinderstuhl, schwarz;Kinderstuhl IKEA Agam aus Massivholz, schwarz lackiert, mit Sprossenlehne. Etikett an der Unterseite: Agam, Herstelldatum 2019. Sitzfläche mit Kratzern.;Kita-Ausstattung;IKEA;;Schlafraum;13;Stück;gebraucht;;F-188;C;ja;ja;20,00;Fix;nur Abholung;;;;verfügbar;;;;;;;;;;;;13 Stühle – abgebildet ist einer davon, das Etikett auf Foto F-189.
NU04-08;;;NU04;IKEA Urban Kinderstuhl, Kunststoff;Kinderstuhl IKEA Urban, Sitzschale aus Kunststoff mit Fußstütze am Gestell. Etikett an der Unterseite: Urban, 001.652.13.;Kita-Ausstattung;IKEA;;Schlafraum;7;Stück;gebraucht;;F-190;C;ja;ja;25,00;Fix;nur Abholung;;;;verfügbar;;;;;;;;;;;;Farbe klaeren: auf dem Erfassungsblatt steht weiss, das Foto wirkt hellgrau-gruen. 7 Stühle – abgebildet ist einer davon, das Etikett auf Foto F-191.
NU04-09;;NU05-05, NU07-06, BA04-03, BU01-03, BU02-07;NU04;IKEA Regal weiß, 8 Fächer;Regal IKEA in Weiß mit acht Fächern, liegend oder stehend nutzbar.;Möbel;IKEA;;Schlafraum;12;Stück;gebraucht;;F-192;B;ja;ja;40,00;Fix;nur Abholung;;;;verfügbar;;;;;;;;;;;;Zusammengefasste Position über sechs Räume – Post-it-Nummern: NU05-05, NU07-06, BA04-03, BU01-03, BU02-07. Frueherer Mengenhinweis: 12 Regale insgesamt: 3 im Schlafraum 5, 1 im Treppenraum 1 (NU05-05), 1 in der Garage (NU07-06), 3 im Gruppenraum 4 (BA04-03), 2 im Flur 1 des Bestandsgebäudes (BU01-03) und 2 im Flur 2 im Untergeschoss (BU02-07).
NU04-10;;BU02-11;NU04;Kinder Schalenstuhl weiß mit Sitzpolster und Holzbeinen;Kinder Schalenstuhl mit weißer Schale und fest verbundenem Sitzpolster, konische Beine aus braunem Massivholz.;Möbel;;;Schlafraum;10;Stück;gut;;F-193;B;ja;ja;25,00;Fix;nur Abholung;;;;verfügbar;;;;;;;;;;;;Zusammengefasste Position über zwei Räume – Post-it-Nummer: BU02-11. Frueherer Mengenhinweis: 10 Stühle insgesamt: 4 im Schlafraum 5 (NU04-10) und 6 im Flur 2 im Untergeschoss des Bestandsgebäudes (BU02-11). Abgebildet ist einer davon.
NU04-11;;;NU04;IKEA Stuva Tisch weiß;Tisch beziehungsweise Sitzbank IKEA Stuva in Weiß mit Seitenwangen und Gleitern. Etikett an der Unterseite: Stuva.;Möbel;IKEA;;Schlafraum;2;Stück;gebraucht;;F-194;C;ja;ja;30,00;Fix;nur Abholung;;;;verfügbar;;;;;;;;;;;;2 Stück – abgebildet ist eines davon, das Etikett auf Foto F-195.
NU04-13;;NE05-11;NU04;Kindertisch rund weiß mit Holzbeinen;Runder Kindertisch, weiße Platte auf konischen Beinen aus massivem Holz.;Kita-Ausstattung;;;Schlafraum;5;Stück;gebraucht;;F-197;B;ja;ja;45,00;Fix;nur Abholung;1 Tisch: Plattenkante an einer Stelle etwas beschädigt;;;verfügbar;;;;;;;;;;;;"Zusammengefasste Position über zwei Räume – Post-it-Nummer: NE05-11. Frueherer Mengenhinweis: 5 Tische: 1 im Schlafraum 5 (NU04-13) und 4 im Speisesaal (NE05-11). Bei dem Tisch im Schlafraum 5 ist die Plattenkante an einer Stelle beschädigt und dunkel abgestoßen; ein Tisch aus dem Speisesaal ist auf Foto F-478 zu sehen."
NU04-14;;BA06-13;NU04;Raumteiler Metallgitter, schwarz;Freistehender Raumteiler: schwarz beschichtetes Metallgitter mit Rautenmuster auf ovalem Standfuß. Auch als Rankgitter oder zum Aufhängen nutzbar.;Möbel;;;Schlafraum;2;Stück;gebraucht;;F-198;B;ja;ja;50,00;Fix;nur Abholung;;;;verfügbar;;;;;;;;;;;;Zusammengefasste Position – Post-it-Nummer im zweiten Raum: BA06-13. Frueherer Mengenhinweis: 2 Raumteiler: einer im Schlafraum 5 (NU04-14) und einer im Materialraum (dort mit BA06-13 beschriftet).
NU04-15;;;NU04;IKEA Regal weiß, 3 Fächer, schmal;Schmales hohes Regal IKEA in Weiß mit drei Fächern. Ohne Inhalt;Möbel;IKEA;;Schlafraum;1;Stück;gebraucht;;F-200;C;ja;ja;25,00;Fix;nur Abholung;ohne Inhalt;;;verfügbar;;;;;;;;;;;;
NU04-16;;;NU04;Bällebad mit Bällen;"Bällebad in Quadratform: Polsterrand in Grau, Sockel in weißem Kunstleder mit Rautennaht, einschließlich der Bälle in verschiedenen Farben; ca. 85x85";Kita-Ausstattung;;;Schlafraum;1;Stück;gebraucht;;F-202;B;ja;ja;75,00;Fix;nur Abholung;;;;verfügbar;;;;;;;;;;;;
NU04-17;;BA04-08;NU04;IKEA Trofast Spielregal Kiefer mit Wannen und Wandaufsatz;"IKEA Trofast Werkbankhohes Gestell aus Kiefer massiv mit weißen Kunststoffwannen und durchgehender Arbeitsplatte, dazu ein passender Wandaufsatz mit sechs Wannen. Inkl. Boxen falls vorhanden;  ohne Inhalt";Kita-Ausstattung;IKEA;;Schlafraum;4;Stück;gebraucht;;F-203;B;ja;ja;90,00;Fix;nur Abholung;ohne Inhalt;;;verfügbar;;;;;;;;;;;;Zusammengefasste Position – Post-it-Nummer im zweiten Raum: BA04-08. Frueherer Mengenhinweis: 4 Einheiten, jeweils Unterteil und Wandaufsatz: 2 im Schlafraum 5 und 2 im Gruppenraum 4 (dort mit BA04-08 beschriftet). Der Inhalt der Wannen gehört nicht dazu.
NU04-18;;;NU04;Kinderwerkbank Holz mit Tafel;Kinderwerkbank aus Holz mit Lochplatte, drei Werkzeugkästen, Tafellackfläche oben, Zollstockaufdruck an der Kante und Ablage unten. Einschließlich der Wandaufhängung.;Kita-Ausstattung;;Rollenspiel;Schlafraum;1;Stück;gebraucht;;F-204;B;ja;ja;35,00;Fix;nur Abholung;1 Werkbank einschließlich Wandaufhängung. Ohne Zubehör;;;verfügbar;;;;;;;;;;;;
NU04-19;;NE03-08;NU04;IKEA Kleiderschrank weiß mit drei Böden;Hoher Schrank IKEA in Weiß mit zwei Türen, ovalen Griffmulden und drei Einlegeböden.;Möbel;IKEA;;Schlafraum;3;Stück;gebraucht;;F-205;B;ja;ja;50,00;Fix;nur Abholung;;;;verfügbar;;;;;;;;;;;;Zusammengefasste Position über zwei Räume – Post-it-Nummer: NE03-08. Frueherer Mengenhinweis: 3 Schränke insgesamt: 2 im Schlafraum 5 (NU04-19) und 1 im Schlafraum 2 des Neubaus (NE03-08). Abgebildet ist einer davon, innen auf Foto F-206. Ein baugleicher Schrank in Anthrazit steht unter NE03-07.
NU04-20;;;NU04;Vitra Panton Chair schwarz, Erwachsenengröße;Panton Chair von Vitra, Entwurf Verner Panton: Freischwinger aus einem Stück Kunststoff, schwarz matt, S-förmig geschwungen. Erwachsenengröße.;Möbel;Vitra;Designklassiker;Schlafraum;1;Stück;gebraucht;;F-208;A;ja;ja;150,00;Fix;nur Abholung;;670025;227,89;verfügbar;;;;;;;;;;;;Weitere Panton Chairs stehen unter NE05-04 (rot, Erwachsenengröße) sowie NE05-05 und NE05-12 (Kindergröße).
NU04-21;;;NU04;Spieltisch Kiefer mit abnehmbaren Platten;Tisch aus Kiefer massiv mit zwei abnehmbaren weißen Kunststoffplatten. Darunter lässt sich eine Wanne einsetzen, im Haus für Bausteine und Sandspiel genutzt.;Kita-Ausstattung;;;Schlafraum;1;Stück;gebraucht;;F-209;B;entfällt;ja;60,00;Fix;nur Abholung;;;;verfügbar;;;;;;;;;;;;Durchsicht 01.10.2026: zusammengelegt in NU02-09 (gleicher Tisch).
NU04-22;;;NU04;Wandregal weiß, schmal;Schmales weißes Wandregal, sichtbar verschraubt.;Möbel;;;Schlafraum;3;Stück;gebraucht;;F-210;C;ja;ja;10,00;Fix;nur Abholung;;;;verfügbar;;;;;;;;;;;;
NU05-01;;;NU05;Stokke Steps Treppenhochstuhl, weiß mit Buchengestell;Stokke Steps: mitwachsender Treppenhochstuhl, Seitenwangen aus Buche natur, Sitz- und Fußbrett sowie Rückenlehne mit Bügel in Weiß, in der Höhe verstellbar.;Kita-Ausstattung;Stokke;Designklassiker;Treppenaufgang;6;Stück;gebraucht;;F-213;B;ja;ja;120,00;Fix;nur Abholung;;;;verfügbar;;;;;;;;;;;;Dieselbe Reihe in anderen Farben steht unter NE05-06, NE05-07 und NE05-08.
NU05-02;;;NU05;Juniorstuhl Holz weiß mit Kreuzlehne;Juniorstuhl aus Massivholz, weiß lackiert, Rückenlehne mit gekreuzten Streben, Fußstütze als Querstrebe. Lack an Kanten und Sitzfläche abgestoßen.;Kita-Ausstattung;;;Treppenaufgang;3;Stück;gebraucht;;F-214;C;ja;ja;25,00;Fix;nur Abholung;;;;verfügbar;;;;;;;;;;;;
NU05-03;;;NU05;Tisch weiß groß mit Holzbeinen;"Tisch: weiße Platte mit abgerundeten Ecken und Multiplex-Kante auf konischen Beinen aus Buche. 150x80; Höhe ca. 72cm";Kita-Ausstattung;;;Treppenaufgang;2;Stück;gebraucht;;F-215;B;ja;ja;90,00;Fix;nur Abholung;;;;verfügbar;;;;;;;;;;;;
NU05-04;;;NU05;Regal weiß hoch, vier Böden;"Hohes weißes Regal mit vier Einlegeböden, Bohrreihen zum Verstellen. 50x60; 130cm hoch";Möbel;;;Treppenaufgang;1;Stück;gebraucht;;F-216;B;ja;ja;35,00;Fix;nur Abholung;;;;verfügbar;;;;;;;;;;;;
NU05-06;;;NU05;Regal weiß mit zwei Schubladen und zwei Böden;Weißes Regal mit zwei Einlegeböden oben und zwei großen Schubladen mit Griffmulden unten, Front der Schubladen dunkel. Ohne Inhalt;Möbel;;;Treppenaufgang;1;Stück;gebraucht;;F-218;B;ja;ja;60,00;Fix;nur Abholung;;;;verfügbar;;;;;;;;;;;;
NU05-07;;;NU05;Wehrfritz Mal- und Trockengestell fahrbar;Wehrfritz Fahrbares Gestell aus Holz mit acht herausziehbaren Drahtgitter-Einschüben zum Trocknen von Bildern, Griffstange oben, auf Rollen. Ca. 70x50;Kita-Ausstattung;Wehrfritz;;Treppenaufgang;1;Stück;gebraucht;;F-219;B;ja;ja;100,00;Fix;nur Abholung;;;;verfügbar;;;;;;;;;;;;
NU05-08;;;NU05;Maltafel Holz mit Kreidetafel und Farbablage;Standtafel aus Holz für Kinder mit schwarzer Kreidetafel, Ablage mit Aussparungen für Farbbecher und Schwamm, Papierrollenhalter oben. Farbspuren am Rahmen. Höhe: 107cm;Kita-Ausstattung;;;Treppenaufgang;1;Stück;gebraucht;;F-220;B;ja;ja;30,00;Fix;nur Abholung;;;;verfügbar;;;;;;;;;;;;
NU06-01;;;NU06;Garderobenwand weiß, 13 Plätze;Lange Garderobenwand in Weiß: oben ein durchgehendes Ablagefach, darunter eine Leiste mit 13 Doppelhaken, unten eine Sitzbank mit offenen Schuhfächern. Schreinerarbeit. Ca. 262x32x128cm;Kita-Ausstattung;;Garderobe;Matschraum;1;Stück;gebraucht;;F-223;A;ja;ja;290,00;VHB;nur Abholung;;;;verfügbar;;;;;;;;;;;;Foto zeigt einen grauen Balken: dort hingen Fotokarten der Kinder mit Namen. Neues Foto ohne die Karten waere besser.
NU06-02;;;NU06;Garderobenwand weiß, 9 Plätze;Garderobenwand in Weiß: oben ein durchgehendes Ablagefach, darunter eine Leiste mit neun Doppelhaken, unten eine Sitzbank mit offenen Schuhfächern. Schreinerarbeit.190x36x128cm;Kita-Ausstattung;;Garderobe;Matschraum;6;Stück;gebraucht;;F-224;A;ja;ja;210,00;VHB;nur Abholung;;;;verfügbar;;;;;;;;;;;;
NU06-03;;;NU06;IKEA Trofast Wandelement weiß mit Wannen;IKEA Trofast Wandelement in Weiß mit sechs eingeschobenen Kunststoffwannen, darunter drei rote Doppelhaken. 99x21x30cm;Kita-Ausstattung;IKEA;Garderobe;Matschraum;3;Stück;gebraucht;;F-225;B;ja;ja;45,00;Fix;nur Abholung;;;;verfügbar;;;;;;;;;;;;Foto zeigt zwei graue Balken: dort standen Vornamen auf den Etiketten.
NU06-04;;;NU06;Holzregal weiß, sechs Fächer;Regal aus Holz, weiß gestrichen, sechs Fächer in zwei Reihen. Farbe an Kanten und Fachböden großflächig abgeplatzt.;Kita-Ausstattung;;;Matschraum;2;Stück;stark gebraucht;;F-226;B;entfällt;ja;30,00;Fix;nur Abholung;;;;verfügbar;;;;;;;;;;;;
NU06-05;;;NU06;Bauknecht Kühl-Gefrierkombination, Standgerät;Standgerät von Bauknecht in Edelstahloptik: Kühlteil oben mit Glasböden, Gemüsefach und Innenbeleuchtung, Gefrierteil unten. No Frost.;Technik;Bauknecht;;Matschraum;1;Stück;gebraucht;;F-227;A;ja;ja;150,00;Fix;nur Abholung;;;;verfügbar;;;;;;;;;;;;Foto zeigt einen grauen Balken: in der Tuer spiegelte sich eine Person. Neues Foto aus anderem Winkel waere besser. Der Innenraum ist auf Foto F-228 zu sehen.
NU06-06;;;NU06;Schwerlastregal verzinkt, vier Böden;Steckregal aus verzinktem Stahl mit vier Holzböden, höhenverstellbar. 80x40x160cm;Sonstiges;;;Matschraum;2;Stück;gebraucht;;F-229;B;ja;ja;50,00;Fix;nur Abholung;;;;verfügbar;;;;;;;;;;;;
NU06-07;;;NU06;Bild Paris bei Nacht, groß gerahmt;"Großformatiges Bild von Paris bei Nacht mit beleuchtetem Eiffelturm, schwarz-weiß mit goldenen Lichtern, in silberfarbenem Aluminiumrahmen. Aufdruck am unteren Rand: „Paris"" Scanpix/age fotostock, Jean-Marc Charles, gedruckt für IKEA. 140x100cm";Deko;IKEA;;Matschraum;1;Stück;gut;;F-230;C;ja;ja;25,00;Fix;nur Abholung;;;;verfügbar;;;;;;;;;;;;
NU07-01;;;NU07;Hausbett schwarz mit Dach;"Kinderbett in Hausform, dunkelbraun-schwarz lackiert, mit Satteldach, Firstbalken und ausgesägten Sprossenfenstern an beiden Seiten.inkl. Matratze; ca, 210x100 Höhe ca. 160cm";Kita-Ausstattung;;Schlafen und Wickeln;Gruppenraum;1;Stück;gut;;F-233;A;ja;ja;180,00;Fix;nur Abholung;;;;verfügbar;;;;;;;;;;;;
NU07-02;;;NU07;Kaufladen weiß mit Aufsatz;Kaufladen aus Holz, weiß mit grauer Rückwand: Verkaufstheke mit Ablage unten, Aufsatz mit sechs Fächern und geschwungener Blende. Inkl. Zubehör lt. Foto;Kita-Ausstattung;;Rollenspiel;Gruppenraum;1;Stück;gebraucht;;F-234;B;ja;ja;150,00;Fix;nur Abholung;;;;verfügbar;;;;;;;;;;;;
NU07-03;;;NU07;Wesco Spielküche, mehrteilig;Zweite Spielküche von Wesco aus Birke-Multiplex: Mikrowellenmodul und Hängeschrank für die Wand, dazu Unterschränke mit Kochfeld, Spülbecken und Herdplatte. Weiße Klappen mit Holzgriffen, Module stehen frei. Inkl. Zubehör lt. Foto;Kita-Ausstattung;Wesco;Rollenspiel;Gruppenraum;1;Set;gut;;F-236;A;ja;ja;650,00;VHB;nur Abholung;;;;verfügbar;;;;;;;;;;;;Nicht baugleich mit NU03-03, vom Haus bestaetigt – bleibt getrennt. Eine zweite, anders zusammengesetzte Wesco-Küche steht unter NU03-03.
NU07-04;;;NU07;howa Kinderspielgrill;Spielgrill aus Holz von howa: Rollklappe in Alu-Optik, Grillrost, zwei Drehknöpfe mit Digitalanzeige, seitliche Kochstelle und Ablageboden. Farbe an Kanten abgeplatzt.;Kita-Ausstattung;howa;;Gruppenraum;1;Stück;gebraucht;;F-237;B;ja;ja;35,00;Fix;nur Abholung;;;;verfügbar;;;;;;;;;;;;
NU07-05;;;NU07;Kinderkleiderschrank Birke mit zwei Türen;Kleiderschrank aus Birke-Multiplex mit zwei weißen Türen und Griffmulden. Innen links eine Kleiderstange, rechts zwei Einlegeböden mit Durchgriff. 60x35x95;Kita-Ausstattung;;;Gruppenraum;1;Stück;gebraucht;;F-238;B;ja;ja;90,00;Fix;nur Abholung;;;;verfügbar;;;;;;;;;;;;Der Innenraum ist auf Foto F-239 zu sehen.
NU07-07;;;NU07;Aufbewahrungsregal weiß mit zehn Einschüben;Schmales hohes Regal in Weiß mit zehn Einschubschienen. 46x30x145cm;Kita-Ausstattung;;;Gruppenraum;1;Stück;gebraucht;;F-241;B;ja;ja;50,00;Fix;nur Abholung;;;;verfügbar;;;;;;;;;;;;
NU07-08;;;NU07;Sitzgruppe: Tisch und zwei Truhenbänke;Sitzgruppe aus einem Kindertisch und zwei Sitzbänken mit Rückenlehne. Die Sitzflächen lassen sich anheben und geben je einen Stauraum frei, gedämpft über eine Gasdruckfeder. Weiße Platten auf Beinen aus Buche. Tischfläche: 77x58x55 hoch;Kita-Ausstattung;;;Gruppenraum;1;Set;gebraucht;;F-242;B;ja;ja;150,00;Fix;nur Abholung;;;;verfügbar;;;;;;;;;;;;Der Stauraum unter der Sitzfläche ist auf Foto F-243 zu sehen.
NE01-17;;;NE01;Wandregal Berg, grau mit Holzablagen;Wandregal in Bergform, grau lackiert mit gelber Gipfellinie, mit mehreren Ablagebrettern aus Buche. Im Haus als Regal für Hörfiguren genutzt.;Möbel;;;Flur;2;Stück;gebraucht;;F-246;C;ja;ja;20,00;Fix;nur Abholung;;;;verfügbar;;;;;;;;;;;;
NE01-18;;;NE01;Highboard weiß auf schwarzem Metallgestell;"Highboard mit weißen Fronten: zwei Türen oben, zwei breite Schubladen unten, flache schwarze Griffleisten, auf einem schwarzen Metallkufengestell. 100x45; 120cm hoch (inkl. Standbeine)";Möbel;;;Flur;1;Stück;gebraucht;;F-247;B;ja;ja;125,00;Fix;nur Abholung;;;;verfügbar;;;;;;;;;;;;
NE01-19;;;NE01;Stoff-Alpaka groß;Großes Stofftier in Alpakaform, beiger Bouclé-Bezug, standfest. Höhe ca. 120cm;Deko;;;Flur;1;Stück;gebraucht;;F-248;B;ja;ja;50,00;Fix;nur Abholung;;;;verfügbar;;;;;;;;;;;;
NE01-20;;;NE01;Kinder-Ohrensessel rot, Kunstleder;Ohrensessel in Kindergröße, roter Kunstlederbezug, geschwungene schwarze Holzbeine. An einer Armlehne ist der Bezug aufgerissen.;Möbel;;;Flur;2;Stück;stark gebraucht;;F-249;B;ja;ja;55,00;Fix;nur Abholung;;;;verfügbar;;;;;;;;;;;;
NE01-21;;;NE01;Wandregal weiß mit drei Wannen;Weißes Wandelement mit drei Fächern und eingeschobenen Kunststoffwannen. 100x30cm;Kita-Ausstattung;;;Flur;12;Stück;gebraucht;;F-250;B;ja;ja;35,00;Fix;nur Abholung;;;;verfügbar;;;;;;;;;;;;Die Hundehaken darunter sind eigene Positionen (NE01-22 und NE01-23).
NE01-22;;;NE01;Wandhaken Hund, schwarz;Wandhaken in Form eines Hunde-Hinterteils mit aufgestelltem Schwanz, schwarz,;Deko;;;Flur;21;Stück;gut;;F-251;C;ja;ja;6,00;Fix;nur Abholung;;;;verfügbar;;;;;;;;;;;;
NE01-23;;;NE01;Wandhaken Hund, grün;Wandhaken in Form eines Hunde-Hinterteils mit aufgestelltem Schwanz, hellgrün,;Deko;;;Flur;11;Stück;gut;;F-252;C;ja;ja;6,00;Fix;nur Abholung;;;;verfügbar;;;;;;;;;;;;
NE01-24;;;NE01;Truhenbank Kindergröße, Buche mit weiß;Sitzbank in Kindergröße: Gestell und Sprossenlehne aus Buche massiv, Sitzfläche und Korpus weiß. Unter der Sitzfläche ein Stauraum. Sitzfläche stark verschmutzt und abgestoßen. Ca. 60cm lang;Kita-Ausstattung;;;Flur;3;Stück;stark gebraucht;;F-253;B;ja;ja;35,00;Fix;nur Abholung;;;;verfügbar;;;;;;;;;;;;
NE01-25;;;NE01;Truhenbank Kindergröße, ganz weiß;Sitzbank in Kindergröße, komplett weiß lackiert, mit Sprossenlehne und Stauraum unter der Sitzfläche. Lack an Kanten abgeplatzt, Sitzfläche 60cm lang, etwas zerkratzt.;Kita-Ausstattung;;;Flur;3;Stück;stark gebraucht;;F-254;B;ja;ja;35,00;Fix;nur Abholung;;;;verfügbar;;;;;;;;;;;;
NE01-26;;;NE01;Sitzbank weiß mit Stauraum, lang;"Lange Sitzbank in Weiß mit niedrigen Armlehnen und aufklappbarer Sitzfläche, darunter Stauraum mit Griffmulde. Gebraucht; ca. 80cm breit";Kita-Ausstattung;;;Flur;7;Stück;stark gebraucht;;F-255;B;ja;ja;20,00;Fix;nur Abholung;;;;verfügbar;;;;;;;;;;;;
BA01-01;;;BA01;Gemälde Mona Lisa, Pop-Art;Acryl auf Leinwand im Hochformat: Mona Lisa als flächige Schablonenmalerei in Grau und Creme, darüber grüne Farbläufe vom oberen Rand. Eigenarbeit einer Privatperson, 180x90;Kunst;;;Flur;1;Stück;gut;;F-258;A;ja;ja;250,00;VHB;nur Abholung;;;;verfügbar;;;;;;;;;;;;Preis unbestaetigt: stilistisch verwandt mit NU01-06 (Marilyn mit Bollenhut, 650 EUR) von derselben Hand. Bitte pruefen, ob 250 EUR passt.
BA01-02;;;BA01;Acrylbild abstrakt, Neonfarben;Acryl auf Leinwand: abstrakte Komposition mit breiten Pinselzügen in Grün und Blau, darüber Schleudertechnik in Neongelb, Neonrot und Pink. Eigenarbeit einer Privatperson 70x50;Kunst;;;Flur;1;Stück;gut;;F-259;B;ja;ja;90,00;Fix;nur Abholung;;;;verfügbar;;;;;;;;;;;;
BA01-03;;;BA01;Deko-Tannen Metall auf Holzsockel;Stilisierte Tannen aus schwarz mattiertem Metall, auf ovalen Sockeln aus Massivholz. Skandinavischer Stil, standfest. Höhe ca. 30cm;Deko;;;Flur;3;Stück;gut;;F-262;C;ja;ja;25,00;Fix;nur Abholung;;;;verfügbar;;;;;;;;;;;;"Bisher unter NE01-15 gefuehrt; dort durchgestrichen, weil sie in den Flur 1 umgezogen sind."
BA01-04;;BA02-07;BA01;Leuchtbuchstabe K, schwarz;Buchstabe K aus schwarz beschichtetem Metall mit sechs runden Leuchtmitteln auf der Front, zum Aufstellen. Höhe 30cm 1x creme / beige verfügbar;Deko;;;Flur;3;Stück;gebraucht;;F-260;C;ja;ja;20,00;Fix;nur Abholung;;;;verfügbar;;;;;;;;;;;;Zusammengefasste Position – Post-it-Nummer im zweiten Raum: BA02-07. Frueherer Mengenhinweis: 2 Buchstaben: einer im Flur 1 (BA01-04) und einer im Flur 2 (dort mit BA02-07 beschriftet).
BA02-02;;;BA02;Rutscherauto rot;Rutscherauto in Sportwagenform, roter Kunststoffkorpus mit schwarzer Sitzfläche in Rautensteppung, verchromte Felgen, Lehne hinten zum Schieben.;Kita-Ausstattung;;;Flur;1;Stück;gebraucht;;F-263;B;ja;ja;35,00;Fix;nur Abholung;;;;verfügbar;;;;;;;;;;;;
BA02-03;;;BA02;Bilder Schwarzwald, gerahmt;Schwarz gerahmte Zeichnungen hinter Glas in schlichter Strichtechnik: Bergkette, Mädchen mit Bollenhut und Tannenwald. Motivgruppe Schwarzwald.;Kunst;;Schwarzwald;Flur;3;Stück;gut;;F-264;B;entfällt;ja;45,00;Fix;nur Abholung;;;;verfügbar;;;;;;;;;;;;
BA02-04;;;BA02;Kinder-Ohrensessel grau, Kunstleder;Ohrensessel in Kindergröße, hellgrauer Kunstlederbezug, geschwungene schwarze Holzbeine.;Möbel;;;Flur;1;Stück;gebraucht;;F-265;B;ja;ja;90,00;Fix;nur Abholung;;;;verfügbar;;;;;;;;;;;;Baugleich in Rot gibt es zwei Stück unter NE01-20.
BA02-05;;;BA02;Ablagepult Holz auf Metallgestell;Pult mit geneigter Platte aus dunklem Holz mit schwarzer Auflage, auf einem C-förmigen schwarzen Metallgestell. Untergreifbar, im Haus als Stehpult für die Anwesenheitsliste genutzt.;Möbel;;;Flur;1;Stück;gut;;F-266;B;ja;ja;45,00;Fix;nur Abholung;;;;verfügbar;;;;;;;;;;;;
BA02-06;;;BA02;Truhenbank weiß mit Fellauflage;Sitzbank in Weiß mit geschwungenen Seitenteilen, Rückenbrett und aufklappbarer Sitzfläche mit Beschlägen und Stauraum;Kita-Ausstattung;;;Flur;1;Stück;gebraucht;;F-267;B;ja;ja;20,00;Fix;nur Abholung;Ohne Fellauflage.;;;verfügbar;;;;;;;;;;;;
BA02-08;;BA04-09, BU02-14, BU04-12;BA02;IKEA Kinderschrank weiß, zwei Türen;"Hoher Schrank von IKEA in Weiß mit zwei Türen und schwarzen Griffmulden, darunter Schubladen. Breite: 60cm; Tiefe 51cm Höhe 195cm Aufkleber lassen sich abziehen.";Möbel;IKEA;;Flur;8;Stück;gebraucht;;F-269;B;ja;ja;50,00;Fix;nur Abholung;2 Schränke stark gebraucht;;;verfügbar;;;;;;;;;;;;Zusammengefasste Position über vier Räume – Post-it-Nummern: BA04-09, BU02-14, BU04-12. Frueherer Mengenhinweis: 8 Schränke insgesamt: 2 im Flur 2 der Attika (BA02-08), 2 im Gruppenraum 4 (BA04-09), 2 im Flur 2 im Untergeschoss (BU02-14, Foto F-378) und 2 im Gruppenraum im Untergeschoss (BU04-12, Foto F-401). Die beiden Schränke im Gruppenraum sind stark gebraucht.
BA02-09;;;BA02;Deko-Häuser Keramik;Drei Häuschen aus Keramik mit ausgestanzten Fenstern, zum Beleuchten mit einem Teelicht: eines craquelé-grau, eines cremeweiß glasiert, eines dunkelgrau mit rundem Fenster.;Deko;;;Flur;3;Stück;gut;;F-270;C;ja;ja;15,00;Fix;nur Abholung;;;;verfügbar;;;;;;;;;;;;
BA09-06;;BA10-12;BA09;Sitzhocker rund, drehbar auf Rollen;Runder Sitzhocker mit schwarzem Netzstoffbezug und umlaufendem Reißverschluss, auf einem silberfarbenen Fünffußkreuz mit Rollen, höhenverstellbar.;Büro;;;Personalraum;2;Stück;gebraucht;;F-274;B;ja;ja;30,00;Fix;nur Abholung;;;;verfügbar;;;;;;;;;;;;Zusammengefasste Position – Post-it-Nummer im zweiten Raum: BA10-12. Frueherer Mengenhinweis: 2 Hocker: einer im Personalraum (BA09-06) und einer im Ruhe- und Schlafraum (dort mit BA10-12 beschriftet).
NE02-01;;;NE02;Hirsch Metall, stehend;Figur eines Hirschs aus silber(Metall) auf Sockel;Deko;;Schwarzwald;Küche;1;Stück;gut;;F-276;B;ja;ja;60,00;Fix;nur Abholung;;;;verfügbar;;;;;;;;;;;;
NE02-02;;;NE02;Barhocker dunkelgrau, Erwachsenenhöhe;Barhocker mit dunkelgrauer Kunststoffschale auf schwarzem Kufengestell aus Rundstahl, mit Fußstütze.;Möbel;;;Küche;2;Stück;gebraucht;;F-277;B;ja;ja;45,00;Fix;nur Abholung;;;;verfügbar;;;;;;;;;;;;
NE02-03;;;NE02;Wäschekorb schwarz mit Deckel;Wäschekorb aus Kunststoff in Flechtoptik, schwarz, mit aufklappbarem Deckel.;Sonstiges;;;Küche;3;Stück;gebraucht;;F-278;C;ja;ja;12,00;Fix;nur Abholung;;;;verfügbar;;;;;;;;;;;;
NE02-04;;;NE02;Mülleimer Kunststoff schwarz, groß;Runder Abfallbehälter aus schwarzem Kunststoff mit aufgesetztem Schwingdeckel.;Sonstiges;;;Küche;2;Stück;gebraucht;;F-279;C;ja;ja;15,00;Fix;nur Abholung;;;;verfügbar;;;;;;;;;;;;
NE02-05;;BU06-02;NE02;IKEA Kinderbecher bunt;1 Set mit 73 Trinkbechern aus Kunststoff von IKEA in Rot, Blau, Pink, Gelb und Weiß. Stapelbar, spülmaschinenfest.;Kita-Ausstattung;IKEA;;Küche;1;Set;gebraucht;;F-280;C;ja;ja;70,00;Fix;nur Abholung;73 Becher aus zwei Küchen, Farben gemischt, nur als Set.;;;verfügbar;;;;;;;;;;;;Durchsicht 01.10.2026: Geschirr-Konvolut aufgeteilt in NE02-05, NE02-06, NE02-07 und BU06-03. Post-it BU06-02 (Foto F-424) gehört hierher.
NE02-08;;;NE02;"Schriftzug „Sterneküche"", schwarz";"Großer Wandschriftzug „Sterneküche"" in Schreibschrift, schwarz, aus Holz gefräst.";Deko;;;Küche;1;Stück;gut;;F-283;B;ja;ja;35,00;Fix;nur Abholung;;;;verfügbar;;;;;;;;;;;;
NE02-09;;;NE02;Tablett weiß mit Streifenmuster;Serviertablett aus Kunststoff, weiß mit Griffausschnitten, Boden mit Streifenmuster – eines in Blautönen, eines in Rottönen.;Sonstiges;;;Küche;2;Stück;gut;;F-284;C;ja;ja;8,00;Fix;nur Abholung;;;;verfügbar;;;;;;;;;;;;
BA10-09;;;BA10;Beistelltisch rund, Tablettplatte Birke;Runder Beistelltisch: abnehmbare Tablettplatte aus Birke mit umlaufendem Rand, auf einem weißen Gestell aus Rundstahl mit Tragebügel. Ohne Deko;Möbel;;;Ruheraum;1;Stück;gut;;F-286;B;ja;ja;35,00;Fix;nur Abholung;ohne Deko;;;verfügbar;;;;;;;;;;;;
BA10-10;;;BA10;Beistelltisch rund, Tablettplatte schwarz;Runder Beistelltisch mit schwarzer Tablettplatte auf drei schlanken, schwarz lackierten Metallbeinen. Platte mit Gebrauchsspuren.;Möbel;;;Ruheraum;1;Stück;gut;;F-287;B;ja;ja;30,00;Fix;nur Abholung;ohne Deko;;;verfügbar;;;;;;;;;;;;
BA10-11;;;BA10;Tisch rund, zweiteilig, weiß;Runder Tisch aus zwei halbrunden weißen Platten mit Multiplex-Kante, auf höhenverstellbaren Rundfüßen aus Chrom. Die Hälften lassen sich einzeln stellen.;Möbel;;;Ruheraum;1;Stück;gebraucht;;F-288;B;ja;ja;90,00;Fix;nur Abholung;;;;verfügbar;;;;;;;;;;;;
BA03-01;;;BA03;IKEA Avsiktlig Teppich, schwarz-weiß gepunktet;Flachgewebter Teppich in Creme mit schwarzen Punktreihen, IKEA Avsiktlig. Flor 100 % Polypropylen auf Jutekette. Ca. 200x130;Textilien;IKEA;;Galerie;1;Stück;gebraucht;133 × 195 cm;F-291;C;ja;ja;25,00;Fix;nur Abholung;;;;verfügbar;;;;;;;;;;;;Das Etikett ist auf Foto F-292 zu sehen.
BA03-02;;;BA03;WESCO Spielküche beige-braun, mehrteilig;WESCO Spielküche aus beschichteter Platte in Creme und Taupe mit Holzarbeitsplatten: Mikrowellenmodul mit Digitalanzeige, Unterschränke mit Kochfeld, Backofen mit Sichtfenster und Spüle, dazu ein Wandregal. Abgerundete Ecken, kindgerechte Höhe. Inkl. Zubehör lt. Foto;Kita-Ausstattung;Wesco;Rollenspiel;Galerie;1;Set;gebraucht;;F-293;A;ja;ja;550,00;VHB;nur Abholung;;;;verfügbar;;;;;;;;;;;;Zwei weitere Spielküchen von Wesco stehen unter NU03-03 und NU07-03.
BA03-03;;;BA03;Sofa grau, 2-Sitzer;Kleines Zweisitzer-Sofa mit grauem Steppbezug aus Velours und weißem Metallgestell. Bezug abnehmbar.;Möbel;;;Galerie;1;Stück;gebraucht;;F-294;B;ja;ja;100,00;Fix;nur Abholung;;;;verfügbar;;;;;;;;;;;;
BA03-05;;;BA03;BRIO Puppenwagen rot gepunktet;Kombi-Puppenwagen von BRIO: weißes Metallgestell mit Luftreifen, roter Stoffbezug mit weißen Punkten, schwenkbarer Schiebebügel, Ablagekorb unten. Markenetikett am Verdeck.;Kita-Ausstattung;BRIO;Rollenspiel;Galerie;1;Stück;gut;;F-296;B;ja;ja;45,00;Fix;nur Abholung;;;;verfügbar;;;;;;;;;;;;Das Etikett ist auf Foto F-297 zu sehen.
BA03-06;;;BA03;Kaufladen weiß mit Aufsatz;Kaufladen aus Holz, weiß mit grauer Rückwand: Verkaufstheke mit Ablage unten, Aufsatz mit mehreren unterschiedlich großen Fächern. Inkl. Zubehör lt. Foto 85x90cm;Kita-Ausstattung;;Rollenspiel;Galerie;1;Stück;gebraucht;;F-298;B;ja;ja;90,00;Fix;nur Abholung;;;;verfügbar;;;;;;;;;;;;Ein zweiter Kaufladen steht unter NU07-02.
BA03-07;;;BA03;Schrank weiß, zwei Türen;Hoher Schrank in Weiß mit zwei Türen und runden Knöpfen in Rosenform. 75x50x168cm;Möbel;;;Galerie;1;Stück;gebraucht;;F-299;B;ja;ja;80,00;Fix;nur Abholung;;;;verfügbar;;;;;;;;;;;;
BA03-04;;;BA03;Wandregal Hausform, schwarz;Wandregale in Hausform aus schwarz lackiertem Holz, zum Aufstellen oder Aufhängen, in unterschiedlichen Größen.;Deko;;;Galerie;5;Stück;gut;;F-295;C;ja;ja;12,00;Fix;nur Abholung;;;;verfügbar;;;;;;;;;;;;
BA04-04;;;BA04;IKEA Urban Stapelstuhl weiß, Erwachsenengröße;Stuhl Urban von IKEA, Designer: Carl Öjerstam: weißer Kunststoff in einem Stück, runde Rückenlehne, konische Beine mit Querstrebe, stapelbar. Erwachsenengröße. manufactured in Italy. Sitzfläche teilweise mit Kratzern;Möbel;IKEA;;Gruppenraum;8;Stück;gebraucht;;F-303;B;ja;ja;30,00;Fix;nur Abholung;;;;verfügbar;;;;;;;;;;;;
BA04-05;;;BA04;Kinder-Sessel Bugholz mit Polster;Kindersessel: Gestell aus gebogenem Schichtholz in Birke, Auflage aus cremefarbenem Stoff mit Nackenkissen. Bezug abnehmbar, Stoff etwas fleckig.;Kita-Ausstattung;;;Gruppenraum;1;Stück;gebraucht;;F-304;B;ja;ja;45,00;Fix;nur Abholung;;;;verfügbar;;;;;;;;;;;;
BA04-06;;;BA04;Rollwagen weiß, drei Etagen;Rollwagen aus weiß lackiertem Stahlblech mit drei Wannenböden und vier Rollen, ohne Inhalt;Möbel;;;Gruppenraum;1;Stück;gebraucht;;F-305;B;ja;ja;30,00;Fix;nur Abholung;;;;verfügbar;;;;;;;;;;;;
BA04-07;;BA07-04;BA04;Beistelltisch Drahtkorb, weiß;Runder Beistelltisch: weißer Drahtkorb mit abnehmbarer Platte in heller Holzoptik. Der Korb lässt sich als Ablage nutzen. Durchmesser: 40cm;Möbel;;;Gruppenraum;2;Stück;gut;;F-306;B;ja;ja;35,00;Fix;nur Abholung;;;;verfügbar;;;;;;;;;;;;Zusammengefasste Position – Post-it-Nummer im zweiten Raum: BA07-04. Frueherer Mengenhinweis: 2 Tische: einer im Gruppenraum 4 (BA04-07) und einer im Klassenzimmer (dort mit BA07-04 beschriftet). Der Inhalt gehört nicht dazu. Baugleich in Kupfer gibt es zwei Stück unter NU02-07.
BA05-01;;;BA05;Rollkasten mit großen Kunststoff-Bausteinen;Flacher Kasten auf Rollen, Front in Weiß, Grün oder Grau, gefüllt mit großen Kunststoff-Bausteinen in Rot, Blau, Gelb und Grün.;Kita-Ausstattung;;;Turnraum;4;Stück;gebraucht;;F-310;B;ja;ja;35,00;Fix;nur Abholung;;;;verfügbar;;;;;;;;;;;;
BA05-02;;;BA05;BENZ Turnbank;Turnbank aus Holz mit Schmalseite zum Umdrehen, rutschhemmender Belag, Aufhängehaken an einem Ende. Aufdruck: BENZ Geräte. 400 cm Länge;Kita-Ausstattung;BENZ;;Turnraum;2;Stück;gebraucht;;F-312;B;ja;ja;140,00;Fix;nur Abholung;;;;verfügbar;;;;;;;;;;;;
BA05-03;;;BA05;Trampolin mit Haltestange;Rundes Fitness-Trampolin mit gepolstertem Randschutz in Rot und abnehmbarer Haltestange. Aufdruck auf dem Sprungtuch: ANCHEER. Der Randschutz ist an mehreren Stellen eingerissen. 143x90;Kita-Ausstattung;ANCHEER;;Turnraum;1;Stück;stark gebraucht;;F-313;B;ja;ja;35,00;Fix;nur Abholung;;;;verfügbar;;;;;;;;;;;;
BA05-04;;;BA05;Spielhochbett mit Bällebad und Rutsche;"Großes Spielhochbett aus weiß beschichteter Platte: zwei Liegeflächen oben mit Absturzsicherung, Leiter, Rutsche, runde Bullaugen und darunter ein eingebautes Bällebad einschließlich der Bälle. 215x100; 180cm hoch";Kita-Ausstattung;;Schlafen und Wickeln;Turnraum;1;Stück;gebraucht;;F-314;A;ja;ja;250,00;VHB;nur Abholung;Abbau und Transport durch den Käufer.;630001;649,99;verfügbar;;;;;;;;;;;;Preis ist meine Schaetzung: als Schreinerarbeit neu 3.000-6.000 EUR. Bitte bestaetigen - das ist nach dem Vitra Alcove die zweitgroesste Einzelposition. Das Bällebad ist auf Foto F-315 zu sehen.
BA05-05;;;BA05;Sprossenwand einzeln;"Sprossenwand aus Massivholz zur Wandmontage: zwei kräftige Holme mit durchgehenden Rundsprossen, oben eine ausladende Aufhängeleiste. Ca. 270cm Höhe; Beite 101cm bei einem Elemtn einzelne Sprossen beschädigt";Kita-Ausstattung;;;Turnraum;3;Stück;gebraucht;;F-321;B;ja;ja;100,00;Fix;nur Abholung;;;;verfügbar;;;;;;;;;;;;
BA05-06;;;BA05;Doppelsprossenwand;Breite Sprossenwand aus Massivholz zur Wandmontage, zwei Felder nebeneinander mit durchgehenden Querholmen und oberer Ausleger-Leiste. 220cm hoch ca. 160cm breit;Kita-Ausstattung;;;Turnraum;1;Stück;gebraucht;;F-316;A;ja;ja;180,00;Fix;nur Abholung;;;;verfügbar;;;;;;;;;;;;
BA05-07;;;BA05;Treppenturngerät gepolstert;Turngerät für Kinder aus Schaumstoff mit Kunstlederbezug in Creme und Grau: Treppenelement mit drei Stufen und passende Rampe, mit Klett zur Verbindung;Kita-Ausstattung;;;Turnraum;1;Stück;gebraucht;;F-317;B;ja;ja;150,00;Fix;nur Abholung;besteht aus mehreren Teilen;;;verfügbar;;;;;;;;;;;;
BA05-08;;BA06-01;BA05;Rody Hüpfpferd, rot und grün;Hüpfpferd Rody aus Gummi mit weißen Punkten, aufblasbar. Markenaufdruck am Bauch. Eines in Rot mit gelbem Sattel, zwei in Grün mit blauem Sattel.;Kita-Ausstattung;Rody;;Turnraum;3;Stück;gut;;F-318;C;ja;ja;10,00;Fix;nur Abholung;"1x Rot; 2x Grün";;;verfügbar;;;;;;;;;;;;Zusammengefasste Position – Post-it-Nummer im zweiten Raum: BA06-01. Frueherer Mengenhinweis: 3 Hüpfpferde: eines rot im Turnraum (BA05-08) und zwei grüne im Materialraum (dort mit BA06-01 beschriftet). Das rote ist auf Foto F-318 zu sehen, die grünen auf F-323.
BA05-09;;;BA05;Spiel & Bewegungsinsel gepolstert, groß 1 Set;"GroßeSpielelemente aus Schaumstoff mit Kunstlederbezug in Rot, Blau, Grün und Hellgrün: Treppen, Rampen, Wellen, Quader und Keile. Für Kinder; 1 Set";Kita-Ausstattung;;;Turnraum;1;Stück;gebraucht;;F-319;B;ja;ja;350,00;VHB;nur Abholung;verschiedene Formen;;;verfügbar;;;;;;;;;;;;
BA05-10;;;BA05;WESCO bewegliche Stossschutzwand;WESCO Bewegliche Stossschutzwand Schaumstoff mit Kunstlederbezug: Mantel in Limettengrün, Oberseiten in Grau, Als Wand- und Säulenschutz oder als Raumteiler nutzbar. Höhe: 90cm;Kita-Ausstattung;Wesco;;Turnraum;5;Stück;gebraucht;;F-322;B;ja;ja;50,00;Fix;nur Abholung;;;;verfügbar;;;;;;;;;;;;
BA06-02;;;BA06;BMW Baby Racer Rutscherauto;Rutscherauto in Sportwagenform, Karosserie blau mit rotem Sitz, Lenkrad mit Hupe, verchromte Felgen. BMW-Emblem an der Front. Lack stark zerkratzt.;Kita-Ausstattung;BMW;;Materialraum;1;Stück;stark gebraucht;;F-325;C;entfällt;ja;15,00;Fix;nur Abholung;;;;verfügbar;;;;;;;;;;;;
BA06-03;;;BA06;BIG Bobby Quad;Quad-Rutscherfahrzeug aus Kunststoff in Schwarz mit limettengrünen Felgen und Lenkergriffen, Stollenreifen. Aufdruck: bobby quad, BIG. 2 Sind stark abgenutzt, die anderen lediglich gebraucht;Kita-Ausstattung;BIG;;Materialraum;5;Stück;gebraucht;;F-326;C;ja;ja;25,00;Fix;nur Abholung;;;;verfügbar;;;;;;;;;;;;"2 gebrauchte in Gartenhütte;"
BA06-04;;;BA06;Holz-Dreirad mit Kuhkopf;Rutschfahrzeug aus Massivholz mit vier Rädern, ovalem Sitz und Lehne, vorn ein Kuhkopf mit Stoffohren und gemaltem Gesicht.;Kita-Ausstattung;;;Materialraum;1;Stück;gebraucht;;F-324;B;ja;ja;35,00;Fix;nur Abholung;;;;verfügbar;;;;;;;;;;;;
BA06-05;;;BA06;Schaukel- und Rutschtier aus Formholz;Fahrzeug aus weiß lackiertem Formholz mit Naturholz-Lehne, vier kleinen Rollen und schwarzen Griffen. Lack an vielen Stellen abgeplatzt.;Kita-Ausstattung;;;Materialraum;1;Stück;stark gebraucht;;F-327;C;ja;ja;40,00;Fix;nur Abholung;;;;verfügbar;;;;;;;;;;;;
BA06-06;;;BA06;BIG Bobby Car Feuerwehr;Rutscherauto als Feuerwehrfahrzeug aus rotem Kunststoff mit Blaulicht, drehbarem Wasserwerfer und Stollenreifen. Aufdruck: BIG.;Kita-Ausstattung;BIG;;Materialraum;2;Stück;gebraucht;;F-328;B;ja;ja;30,00;Fix;nur Abholung;;;;verfügbar;;;;;;;;;;;;
BA06-07;;;BA06;Klettergerüst Holz;Klettergerüst aus Buche massiv mit Rundsprossen und seitlichen Wangen, zusammenklappbar.;Kita-Ausstattung;;;Materialraum;2;Stück;gut;;F-329;B;ja;ja;60,00;Fix;nur Abholung;;;;verfügbar;;;;;;;;;;;;
BA06-08;;;BA06;Klettergerüst grün mit Rutschbrett;Klettergerüst mit grün lackiertem Metallrahmen, Rundsprossen aus Holz und einem Rutschbrett mit dunkler Lauffläche.;Kita-Ausstattung;;;Materialraum;3;Stück;gut;;F-330;B;ja;ja;70,00;Fix;nur Abholung;;;;verfügbar;;;;;;;;;;;;
BA06-09;;;BA06;Holz-Lastwagen zum Rutschen;Rutschfahrzeug aus Massivholz in Lastwagenform: offene Ladefläche mit Bordwänden, gepolsterter Sitz vor dem Führerhaus, Holzlenkrad und vier Gummiräder mit roten Felgen.;Kita-Ausstattung;;;Materialraum;1;Stück;gebraucht;;F-335;B;ja;ja;40,00;Fix;nur Abholung;;;;verfügbar;;;;;;;;;;;;
BA06-10;;;BA06;Feuerwehrhaus aus Holz;Spiel-Feuerwehrhaus aus Holz mit rot lackierten Wänden, dunklem Dach, aufklappbarem Tor und Zwischenboden. Aufdruck: FIRE STATION. Farbe stark abgegriffen.;Kita-Ausstattung;;;Materialraum;1;Stück;stark gebraucht;;F-331;C;ja;ja;45,00;Fix;nur Abholung;;;;verfügbar;;;;;;;;;;;;
BA06-11;;;BA06;Sitzschaukel Kunststoff mit Seilen;Babyschaukel aus Kunststoff: Sitzschale in Violett mit limettengrünem Sicherheitsbügel, Aufhängung über weiße Seile.;Kita-Ausstattung;;;Materialraum;1;Stück;gebraucht;;F-332;C;ja;ja;15,00;Fix;nur Abholung;;;;verfügbar;;;;;;;;;;;;
BA06-12;;;BA06;Spieltunnel grün, 180 cm;Spieltunnel aus grünem Stoff mit roten Ringen, etwa 180 cm lang bei 45 cm Durchmesser. Faltbar, mit Originalkarton.;Kita-Ausstattung;;;Materialraum;1;Stück;gebraucht;;F-336;C;ja;ja;15,00;Fix;nur Abholung;;;;verfügbar;;;;;;;;;;;;
BA07-01;;;BA07;Kissen in Wolkenform, hellblau;Dekokissen in Wolkenform aus hellblauem Samtstoff, mit aufgestickten Augen, Lächeln und rosa Wangen.;Textilien;;;Lernraum;2;Stück;gut;;F-337;C;ja;ja;12,00;Fix;nur Abholung;;;;verfügbar;;;;;;;;;;;;
BA07-02;;;BA07;Wandleuchte rund mit Holzrand;Runde Wandleuchte: Rahmen aus gebogenem Schichtholz mit satinierter Scheibe, flache Bauform, Zuleitung sichtbar verlegt. Zwei verschiedene Durchmesser.;Leuchten;;;Lernraum;2;Stück;gebraucht;;F-338;B;ja;ja;45,00;Fix;nur Abholung;;;;verfügbar;;;;;;;;;;;;
BA07-03;;;BA07;Standregal grau mit Wolkenaufsatz;Schmales Standregal in Grau mit drei Ablagen und vorderen Haltelleisten, oben ein ausgesägter Wolkenaufsatz, auf schrägen Holzbeinen. Als Bücherregal genutzt.;Kita-Ausstattung;;;Lernraum;1;Stück;gebraucht;;F-339;B;ja;ja;45,00;Fix;nur Abholung;;;;verfügbar;;;;;;;;;;;;
BA07-05;;;BA07;Tisch weiß, lang, auf schwarzen Beinen;Langer Tisch mit weißer Platte auf vier schwarzen Rundbeinen mit Gleitern. Als Arbeits- und Ablagefläche genutzt.200x40x54cm;Möbel;;;Lernraum;1;Stück;gebraucht;;F-341;B;ja;ja;70,00;Fix;nur Abholung;;;;verfügbar;;;;;;;;;;;;
BA07-06;;;BA07;Regal creme, 16 Fächer, auf Metallbeinen;Großes Regal in Creme mit sechzehn Fächern in vier Reihen, auf schräg gestellten schwarzen Metallbeinen.;Möbel;;;Lernraum;1;Stück;gebraucht;;F-342;B;ja;ja;90,00;Fix;nur Abholung;;;;verfügbar;;;;;;;;;;;;
BA08-05;;;BA08;Acrylbild schwarz-weiß, Kreise mit Punkten 90x90cm;Acryl auf Leinwand, großes Quadrat: mit breitem Pinsel gezogene Kreise, darin je mehrere gemalte Punkte – die Anmutung von Würfeln. Eigenarbeit einer Privatperson, nicht signiert.;Kunst;;;Atelier;1;Stück;gut;;F-344;B;ja;ja;150,00;Fix;nur Abholung;;;;verfügbar;;;;;;;;;;;;
BA08-06;;BU05-08;BA08;VS Schalenstuhl grau, Vierfußgestell;Schalenstuhl von VS (Vereinigte Spezialmöbelfabriken): graue Kunststoffschale mit Rautenstruktur und Griffloch in der Lehne;Kita-Ausstattung;VS;;Atelier;12;Stück;gebraucht;;F-345;B;ja;ja;35,00;Fix;nur Abholung;9 Stühle haben Farbspritzer aus dem Atelierbetrieb, 3 sind sauber;;;verfügbar;;;;;;;;;;;;"Zusammengefasste Position über zwei Räume – Post-it-Nummer: BU05-08. Frueherer Mengenhinweis: 12 Stühle insgesamt: 9 im Atelier (BA08-06) und 3 im Schlafraum im Untergeschoss (BU05-08). Nur die neun Stühle aus dem Atelier haben Farbspritzer; die drei aus dem Schlafraum sind sauber. Das Logo ist auf Foto F-346 zu sehen, ein sauberer Stuhl auf Foto F-418."
BA08-07;;;BA08;Konvolut Feinkrepp-Papier;"Rollen Feinkrepp von Marpa Jansen, je 50 × 250 cm,7x blau 1x zitronengelb,1x mittelgrün; angebrochen: 3x mittelgrün, 2x dunkelblau, 1x orange, 2x hellblau, rot, hellgrün, türkisblau und dunkelgrün.";Verbrauchsmaterial;Marpa Jansen;;Atelier;1;Konvolut;gut;;F-347;C;ja;ja;20,00;Fix;nur Abholung;div. Farben und Mengen;;;verfügbar;;;;;;;;;;;;
BA08-08;;;BA08;Deko-Pilze auf Holzfuß;Dekopilze mit gedrechseltem Fuß aus Massivholz: zwei mit gehämmerter Metallkappe in Silberoptik, einer mit Kappe in Betonoptik.;Deko;;;Atelier;3;Stück;gut;;F-349;C;ja;ja;18,00;Fix;nur Abholung;;;;verfügbar;;;;;;;;;;;;
BA08-09;;;BA08;Bastelscheren im Betzold-Holzblock, Set;33 Kinder-Bastelscheren mit Kunststoffgriffen in gemischten Farben, dazu 2  Holzblöcke mit Steckbohrungen von Betzold als Ablage. Der Holzblock nimmt einen Teil der Scheren auf, die übrigen liegen dazu.;Kita-Ausstattung;Betzold;;Atelier;1;Set;gebraucht;;F-350;C;ja;ja;35,00;Fix;nur Abholung;1 Set mit 33 Scheren, nur komplett abzugeben.;;;verfügbar;;;;;;;;;;;;
BA08-10;;;BA08;Kunstpflanze Gras im weißen Topf;Künstliches Ziergras mit gedrehten Halmen in einem weißen Übertopf aus Metall mit durchbrochenem Spitzenrand.;Deko;;;Atelier;2;Stück;gut;;F-351;C;ja;ja;15,00;Fix;nur Abholung;;;;verfügbar;;;;;;;;;;;;
BA08-11;;;BA08;Bilderrahmen mit Zeichenwerkzeug;Zwei schwarze Rahmen hinter Glas, gepunkteter Hintergrund: einer mit Bleistift, Lineal und gefaltetem Papier, einer mit sechs Pinseln in verschiedenen Breiten. Passend für ein Atelier oder Arbeitszimmer.;Deko;;;Atelier;2;Stück;gut;;F-352;C;ja;ja;25,00;Fix;nur Abholung;;;;verfügbar;;;;;;;;;;;;
BA08-12;;BU02-08;BA08;Wandregalbrett weiß;Schmales weißes Wandregalbrett mit vorderer Kante, zum Anschrauben.;Möbel;;;Atelier;4;Stück;gebraucht;;F-353;C;ja;ja;15,00;Fix;nur Abholung;;;;verfügbar;;;;;;;;;;;;Zusammengefasste Position über zwei Räume – Post-it-Nummer: BU02-08. Frueherer Mengenhinweis: 4 Bretter insgesamt: 2 im Atelier (BA08-12) und 2 im Flur 2 im Untergeschoss des Bestandsgebäudes (BU02-08). Die blauen Becher auf dem Foto gehören nicht dazu.
BU01-01;;;BU01;Hausbett Buche massiv;Kinderbett in Hausform aus massiver Buche, natur geölt, mit Dachgiebel und umlaufendem Rahmen. Einschließlich Matratze, ohne Kissen 160x85 Höhe 130cm;Kita-Ausstattung;;Schlafen und Wickeln;Flur;1;Stück;gut;;F-356;A;ja;ja;220,00;VHB;nur Abholung;1 Bett einschließlich Matratze, Kissen;;;verfügbar;;;;;;;;;;;;
BU01-02;;;BU01;IKEA DUKTIG Spielküche klein mit Mikrowelle;IKEA DUKTIG Kleine Spielküche aus Birke-Multiplex mit weißen Fronten: Aufsatz mit Mikrowelle und zwei offenen Fächern, Arbeitsplatte mit Kochfeld, Spülbecken und Wasserhahn, darunter Backofen mit Sichtfenster und ein Schrank. 72x40cm;Kita-Ausstattung;IKEA;Rollenspiel;Flur;1;Stück;gebraucht;;F-355;B;ja;ja;45,00;Fix;nur Abholung;;670006;249,99;verfügbar;;;;;;;;;;;;Weitere Spielküchen stehen unter NU03-03, NU07-03, BA03-02 und BU02-05.
BU01-04;;;BU01;IKEA Trofast Gestell Kiefer mit sechs Wannen;IKEA Trofast Gestell aus Kiefer massiv mit sechs weißen Kunststoffwannen in zwei Reihen, als Spielzeugaufbewahrung genutzt.;Kita-Ausstattung;IKEA;;Flur;1;Stück;gebraucht;;F-358;B;ja;ja;55,00;Fix;nur Abholung;ohne Inhalt;;;verfügbar;;;;;;;;;;;;
BU01-05;;;BU01;IKEA Småstad Bank  weiß;IKEA Bank in Weiß mit Seitenwangen, Etikett an der Unterseite: Småstad, 804.335.42.Platte mit einer Schutzfolie belegt. 90x50x 50cm hoch;Kita-Ausstattung;IKEA;;Flur;2;Stück;stark gebraucht;;F-359;B;ja;ja;15,00;Fix;nur Abholung;;;;verfügbar;;;;;;;;;;;;Das Etikett ist auf Foto F-360 zu sehen.
BU01-06;;BU02-13;BU01;Wanddeko Lama, Steckwand;Wandelement in Lamaform aus weiß lackiertem Holz mit grauen Ohren, Gesicht und Füßen, durchgehend gelocht zum Einstecken von Haken oder Stäben.;Deko;;;Flur;3;Stück;gut;;F-361;C;ja;ja;25,00;Fix;nur Abholung;;;;verfügbar;;;;;;;;;;;;Zusammengefasste Position über zwei Räume – Post-it-Nummer: BU02-13. Frueherer Mengenhinweis: 3 Stück insgesamt: 2 im Flur 1 (BU01-06) und 1 im Flur 2 (BU02-13), beide im Untergeschoss des Bestandsgebäudes. Abgebildet ist eines davon.
BU01-07;;;BU01;IKEA Grua Wandspiegel, schwarzer Rahmen;Wandspiegel mit schmalem schwarzem Rahmen und abgerundeten Ecken. Etikett auf der Rückseite: Grua, IKEA.;Deko;IKEA;;Flur;1;Stück;gut;;F-362;C;ja;ja;25,00;Fix;nur Abholung;;;;verfügbar;;;;;;;;;;;;Das Etikett ist auf Foto F-363 zu sehen.
BU02-01;;;BU02;Hausbett Holz natur mit Stoffdach;Bodenbett in Hausform aus hellem Massivholz mit vier Pfosten und aufgelegtem Stoffdach in Creme mit schwarzer Zackenkante und aufgesticktem Wolkenmotiv. Einschließlich Matratze. 150x80x 130cm hoch mit weißer Rückwand;Kita-Ausstattung;;Schlafen und Wickeln;Flur;1;Stück;gut;;F-365;A;ja;ja;200,00;VHB;nur Abholung;mit Stoffdach und Matratze.;690004;554,00;verfügbar;;;;;;;;;;;;Weitere Hausbetten stehen unter BU01-01 und NU07-01.
BU02-02;;;BU02;Nachtlicht Marienkäfer, schwarz;Steckdosen-Nachtlicht in Marienkäferform aus schwarzem Kunststoff mit geprägten Punkten und Fühlern.;Leuchten;;;Flur;2;Stück;gut;;F-366;C;ja;ja;15,00;Fix;nur Abholung;;;;verfügbar;;;;;;;;;;;;
BU02-03;;;BU02;Kindertisch weiß, oval, aus vier Segmenten;Vier Tischsegmente mit weißer Platte und Multiplex-Kante auf verchromten Rundfüßen in Kinderhöhe: zwei halbrunde Endstücke und zwei Mittelstücke. Zusammengestellt ergeben sie einen großen ovalen Gruppentisch, einzeln sind sie frei kombinierbar. 50cm tief pro Element;Möbel;;;Flur;1;Set;gebraucht;;F-367;A;ja;ja;160,00;Fix;nur Abholung;;;;verfügbar;;;;;;;;;;;;Eine zweite Tischgruppe in Sechseckform steht unter NU02-23.
BU02-05;;;BU02;IKEA Duktig Spielküche mit Mikrowelle;Spielküche von IKEA aus Birkenholz mit weißen Fronten: Aufsatz mit Mikrowelle und offenen Fächern, Arbeitsplatte mit Kochfeld, Spülbecken und Wasserhahn, darunter Backofen mit Sichtfenster und ein Schrank. Inkl. Zubehör wie auf dem Foto abgebildet;Kita-Ausstattung;IKEA;Rollenspiel;Flur;1;Stück;gebraucht;;F-369;B;ja;ja;45,00;Fix;nur Abholung;;;;verfügbar;;;;;;;;;;;;Weitere Spielküchen stehen unter NU03-03, NU07-03, BA03-02 und BU01-02.
BU02-06;;;BU02;Kinder-Putzständer, fünfteilig;Ständer aus Holz und Metall in Weiß mit Ablagekasten und aufgehängtem Kinder-Reinigungsgerät: Besen, Schrubber, Kehrblech und Staubwedel.;Kita-Ausstattung;;Rollenspiel;Flur;1;Stück;gebraucht;;F-370;C;ja;ja;25,00;Fix;nur Abholung;;;;verfügbar;;;;;;;;;;;;
BU02-09;;;BU02;Acrylbild Herz auf Strahlenkranz;Acryl auf Leinwand im Hochformat: breite Pinselstriche in Pink, Magenta und Grau strahlenförmig um ein ausgespartes weißes Herz. Eigenarbeit einer Privatperson 70x50;Kunst;;;Flur;1;Stück;gut;;F-373;B;ja;ja;80,00;Fix;nur Abholung;;;;verfügbar;;;;;;;;;;;;
BU02-10;;;BU02;Spieltisch Kiefer mit herausnehmbaren Platten;Kindertisch aus Kiefer massiv mit zwei herausnehmbaren weißen Platten. Darunter liegen Wannen, sodass der Tisch als Spiel- und Materialtisch genutzt werden kann. Die Platten sind an den Kanten großflächig abgeplatzt. 83x58 / 48cm hoch;Kita-Ausstattung;;;Flur;2;Stück;stark gebraucht;;F-374;B;entfällt;ja;40,00;Fix;nur Abholung;;;;verfügbar;;;;;;;;;;;;Durchsicht 01.10.2026: zusammengelegt in NU02-09 (gleicher Tisch).
BU02-12;;;BU02;IKEA Trofast Wandregal weiß mit drei Wannen, geschwungen;IKEA Trofast Weißes Wandelement mit geschwungener Front, drei Fächern und drei eingeschobenen Kunststoffwannen. 99x21x30cm;Kita-Ausstattung;IKEA;;Flur;1;Stück;gebraucht;;F-376;B;ja;ja;35,00;Fix;nur Abholung;;;;verfügbar;;;;;;;;;;;;Gerade Wandregale gleicher Bauart stehen unter NE01-21.
BU02-15;;;BU02;Bodensitzkissen beige, selbststehend;Selbststehendes Bodensitzkissen aus beigem Leinenstoff mit gesteppten Feldern, Rückenlehne und langer Sitzfläche. Die Lehne lässt sich flach ausklappen.;Textilien;;;Flur;2;Stück;gebraucht;;F-379;C;ja;ja;25,00;Fix;nur Abholung;;;;verfügbar;;;;;;;;;;;;
BU02-16;;;BU02;Servierwagen Metall schwarz, drei Ebenen;Rollwagen aus schwarz lackiertem Metall mit drei Ablageebenen und Lochblechböden, auf vier Rollen.;Möbel;;;Flur;1;Stück;gut;;F-380;B;ja;ja;30,00;Fix;nur Abholung;;;;verfügbar;;;;;;;;;;;;
BU02-17;;;BU02;Kommode weiß, drei Schubladen;"Kommode in Weiß mit drei breiten Schubladen und mittig ausgeschnittenen Griffmulden, auf umlaufendem Sockel. 80x47; 76cm hoh";Möbel;;;Flur;1;Stück;gebraucht;;F-381;B;ja;ja;60,00;Fix;nur Abholung;;;;verfügbar;;;;;;;;;;;;
BU02-18;;;BU02;Hochflorteppich grau;Hochflorteppich in Grau, rechteckig. Maße laut Etikett auf der Rückseite: 160 × 230 cm.;Textilien;;;Flur;1;Stück;gebraucht;160 × 230 cm;F-382;C;ja;ja;40,00;Fix;nur Abholung;;;;verfügbar;;;;;;;;;;;;Das Etikett ist auf Foto F-384 zu sehen.
BU02-19;;BU04-09;BU02;IKEA Trofast dreiteilig;Dreiteilige Kombination aus Kiefer massiv: Wandregal mit zwei Kunststoffwannen, niedrige Werkbank mit offenem Unterbau und zwei Wannen sowie ein hohes Seitenteil mit Wanne.;Kita-Ausstattung;IKEA;Rollenspiel;Flur;2;Set;gebraucht;;F-385;B;ja;ja;90,00;Fix;nur Abholung;;;;verfügbar;;;;;;;;;;;;Zusammengefasste Position über zwei Räume – Post-it-Nummer: BU04-09. Frueherer Mengenhinweis: 2 Kombinationen aus je drei Teilen einschließlich der Wannen: 1 im Flur 2 (BU02-19, Foto F-385) und 1 im Gruppenraum (BU04-09, Foto F-399), beide im Untergeschoss des Bestandsgebäudes. Die beiden Kombinationen sind unterschiedlich zusammengestellt. Das Spielzeug gehört nicht dazu.
BU03-01;;;BU03;Pinnwand Holz mit Klammerleinen;Großes Wandelement aus hellem Massivholz mit vier waagerechten Bändern und Holzklammern zum Aufhängen von Bildern und Bastelarbeiten. Zwei zusätzliche Querbretter als Ablage. 100x54cm;Kita-Ausstattung;;;Garderobenflur;1;Stück;gut;;F-387;B;entfällt;ja;45,00;Fix;nur Abholung;;;;verfügbar;;;;;;;;;;;;
BU03-02;;;BU03;Schwingspiegel, geschwungene Form;Hoher Wandspiegel mit geschwungener Außenkante ohne Rahmen, zum Anschrauben.;Deko;;;Garderobenflur;2;Stück;gut;;F-388;C;ja;ja;25,00;Fix;nur Abholung;;;;verfügbar;;;;;;;;;;;;
BU03-03;;;BU03;Schuhregal schwarz mit Chromstangen;Niedriges Schuhregal aus schwarz lackiertem Holz mit schwarzer Deckplatte und drei Ebenen aus verchromten Rundstangen, auch als Sitzbank nutzbar.108x34x50cm;Möbel;;;Garderobenflur;2;Stück;gebraucht;;F-389;C;ja;ja;25,00;Fix;nur Abholung;;;;verfügbar;;;;;;;;;;;;
BU03-04;;;BU03;Metallregal weiß, vier Böden;Offenes Regal mit weißem Metallgestell, Kreuzstrebe auf der Rückseite und vier weißen Böden. 60x30x140cm;Möbel;;;Garderobenflur;2;Stück;gebraucht;;F-390;B;ja;ja;35,00;Fix;nur Abholung;;;;verfügbar;;;;;;;;;;;;
BU03-05;;;BU03;IKEA HEMNES Schuhschrank weiß mit Klappfächern;IKEA Hemnes Schuhschrank in Weiß mit zwei Klappfächern und schwarzen Knöpfen. Die Schuhablagen sind innen verschmutzt und an den Kanten abgestoßen.;Möbel;IKEA;;Garderobenflur;1;Stück;gebraucht;;F-391;B;ja;ja;60,00;Fix;nur Abholung;;;;verfügbar;;;;;;;;;;;;
BU03-06;;;BU03;Wäschekorb anthrazit mit Deckel, hoch;Hoher Wäschekorb aus Kunststoff in Flechtoptik, anthrazit, nach unten verjüngt, mit aufklappbarem Deckel und Griffloch.;Sonstiges;;;Garderobenflur;1;Stück;gebraucht;;F-392;C;ja;ja;12,00;Fix;nur Abholung;;;;verfügbar;;;;;;;;;;;;Drei niedrigere Wäschekörbe stehen unter NE02-03.
BU03-07;;;BU03;Tischleuchte Holzgestell mit Stoffschirm;Tischleuchte mit dreieckigem Gestell aus hellem Holz und zylindrischem Stoffschirm in Hellgrau, mit Schnurschalter.;Leuchten;;;Garderobenflur;1;Stück;gut;;F-393;C;ja;ja;25,00;Fix;nur Abholung;;;;verfügbar;;;;;;;;;;;;
BU03-08;;;BU03;Beistelltisch rund türkis mit Hairpin-Beinen;Kleiner runder Beistelltisch mit türkis lackierter Holzplatte auf drei schwarzen Hairpin-Beinen aus Rundstahl. Die Platte ist leicht verkratzt. Durchmesser 40cm;Möbel;;;Garderobenflur;1;Stück;gut;;F-394;C;ja;ja;35,00;Fix;nur Abholung;;;;verfügbar;;;;;;;;;;;;
BU04-06;;;BU04;Kindertisch weiß, lang, zweiteilig;Langer Kindertisch aus zwei aneinandergestellten Platten in Weiß mit cremefarbener Kante, auf cremefarbenen Vierkantfüßen aus Metall mit Gleitern. Die Platten sind an den Kanten abgestoßen. 180x50x50;Möbel;;;Gruppenraum;1;Set;gebraucht;;F-404;B;ja;ja;90,00;Fix;nur Abholung;;;;verfügbar;;;;;;;;;;;;Der ganze Tisch ist auf Foto F-404 zu sehen.
BU04-07;;;BU04;Gemälde Schwarzwaldfrau mit Planeten;Acryl auf Leinwand im Hochformat: Frau in Schwarzwälder Tracht mit Bollenhut, umgeben von gemalten Planeten und Sternen. Eigenarbeit einer Privatperson 120x100;Kunst;;Schwarzwald;Gruppenraum;1;Stück;gut;;F-397;B;ja;ja;250,00;VHB;nur Abholung;;;;verfügbar;;;;;;;;;;;;
BU04-08;;;BU04;Garderobenständer bunt, Stangenform;Stehender Garderobenständer: weiße Rundstange mit farbig lackierten Ringen in Grün, Blau, Rot, Orange und Gelb und passenden Haken in mehreren Höhen, auf Tellerfuß.;Kita-Ausstattung;;Garderobe;Gruppenraum;2;Stück;gebraucht;;F-398;C;ja;ja;35,00;Fix;nur Abholung;;;;verfügbar;;;;;;;;;;;;
BU04-10;;;BU04;Kindertisch weiß aus fünf Segmenten;Fünf Tischsegmente mit weißer Platte, Multiplex-Kante und verchromten Rundfüßen in Kinderhöhe. Zusammengestellt ergeben sie einen großen Gruppentisch, einzeln sind sie frei kombinierbar. 50cm Tiefe pro Segment;Möbel;;;Gruppenraum;1;Set;gut;;F-400;A;ja;ja;190,00;Fix;nur Abholung;;;;verfügbar;;;;;;;;;;;;Weitere Tischgruppen gleicher Bauart stehen unter NU02-23 und BU02-03.
BU04-11;;;BU04;Regal weiß, vier Böden;Offenes Regal in Weiß mit vier Böden, eines der beiden Regale hat zusätzlich zwei Schubladen. Böden und Kanten sind großflächig verschmutzt und abgestoßen. 60x50x129cm;Möbel;;;Gruppenraum;2;Stück;stark gebraucht;;F-405;C;ja;ja;30,00;Fix;nur Abholung;;;;verfügbar;;;;;;;;;;;;
BU04-13;;;BU04;Servierwagen Metall grau, drei Ebenen;Rollwagen aus dunkelgrau lackiertem Metall mit drei Ablageebenen und Lochblechböden, auf vier Rollen. 42x30x79;Möbel;;;Gruppenraum;1;Stück;gebraucht;;F-402;B;ja;ja;30,00;Fix;nur Abholung;;;;verfügbar;;;;;;;;;;;;Ein baugleicher Wagen in Schwarz steht unter BU02-16.
BU04-14;;;BU04;Bücherregal creme mit Wolkenaufsatz;Stehendes Bücherregal aus Holz, creme lackiert, mit geschwungenem Wolkenaufsatz und drei Ablagen mit vorderer Haltelatte für nach vorn zeigende Bilderbücher. 58x18x95cm;Kita-Ausstattung;;;Gruppenraum;1;Stück;gut;;F-403;B;ja;ja;45,00;Fix;nur Abholung;;;;verfügbar;;;;;;;;;;;;
BU04-15;;;BU04;Acrylbilder Roboter, schwarz-weiß;Zwei Bilder auf Leinwand im Quadrat: Roboterfiguren mit breitem Pinsel in Schwarz auf weißem Grund. Eigenarbeit einer Privatperson, nicht signiert.;Kunst;;;Gruppenraum;2;Stück;gut;;F-407;C;ja;ja;60,00;Fix;nur Abholung;;;;verfügbar;;;;;;;;;;;;
BU05-01;;;BU05;Spielhaus weiß mit Hochebene und Bett;Große Spielhaus-Konstruktion in Weiß: obere Spielebene mit Brüstung, grüner Tafel und Ablagefach, darunter eine Liegefläche mit Matratze. Eine Seitenwand trägt eine goldene Krone als Aufkleber. Inkl. IKEA Trofast Treppe;Kita-Ausstattung;;Schlafen und Wickeln;Schlafraum;1;Stück;gebraucht;;F-409;A;ja;ja;450,00;VHB;nur Abholung;1 Spielhaus einschließlich Matratze;;;verfügbar;;;;;;;;;;;;Der Aufkleber ist auf Foto F-410 zu sehen.
BU05-02;;;BU05;Wesco Spielküche, vier Module mit Mikrowelle;Spielküche von Wesco aus Birke-Multiplex: offenes Regalmodul, Backofenmodul mit Klappe, Spülenmodul mit Becken und Kochfeldmodul, dazu eine aufgesetzte Spielmikrowelle. Fronten mit aufgedruckten Bedienfeldern, Rückwände mit Fliesenmuster.;Kita-Ausstattung;Wesco;Rollenspiel;Schlafraum;1;Set;gut;;F-411;A;ja;ja;550,00;VHB;nur Abholung;;;;verfügbar;;;;;;;;;;;;Weitere Wesco-Spielküchen stehen unter NU03-03 und NU07-03.
BU05-03;;;BU05;IKEA Trofast Treppenregal weiß mit Wannen;IKEA Trofast Weißes Regal in Treppenform: zwei hohe Fächer mit eingeschobenen Kunststoffwannen, dazu eine niedrigere Stufe mit Ablage und Wanne, die als Sitzfläche dient.;Kita-Ausstattung;IKEA;;Schlafraum;1;Stück;gebraucht;;F-412;B;ja;ja;60,00;Fix;nur Abholung;;;;verfügbar;;;;;;;;;;;;
BU05-04;;;BU05;Schaukeltier Storch;Plüsch-Schaukeltier in Storchenform: weißer Körper mit rotem Schnabel, gelber Zipfelmütze mit Bommeln und rot-weiß gepunktetem Sattel mit Haltegriff, auf hellen Holzkufen.;Kita-Ausstattung;;;Schlafraum;1;Stück;gut;;F-413;C;ja;ja;45,00;Fix;nur Abholung;;;;verfügbar;;;;;;;;;;;;
BU05-05;;;BU05;Kindersessel Teddyfell beige;"Kindersessel aus beigem Teddyfell mit runder Lehne, zwei aufgesetzten Ohren und breiten Armlehnen. Am Rücken ein Tragegriff; das Band am Griff ist eingerissen.";Möbel;;;Schlafraum;1;Stück;gebraucht;;F-414;C;ja;ja;45,00;Fix;nur Abholung;;;;verfügbar;;;;;;;;;;;;
BU05-06;;;BU05;Sitzbank gepolstert, hellgrau;Niedrige gepolsterte Sitzbank in Kinderhöhe mit hellgrauem Chenillebezug und flacher Rückenlehne, ohne Armlehnen. Der Bezug ist an mehreren Stellen fleckig.;Möbel;;;Schlafraum;2;Stück;gebraucht;;F-415;B;ja;ja;80,00;Fix;nur Abholung;;;;verfügbar;;;;;;;;;;;;
BU05-07;;;BU05;Puppenwagen rosa mit Tragetasche;Puppen-Sportwagen mit rosa-weiß gestreiftem Bezug, blauem Verdeck und höhenverstellbarem Schiebegriff, dazu eine passende Tragetasche. Der Griff ist an mehreren Stellen aufgerissen.;Kita-Ausstattung;;Rollenspiel;Schlafraum;1;Stück;stark gebraucht;;F-417;C;ja;ja;25,00;Fix;nur Abholung;;;;verfügbar;;;;;;;;;;;;"Die Puppe gehört nicht dazu; sie ist auf Foto F-416 mit abgebildet."
BU05-09;;;BU05;Puppenwagen Holz mit Gummirädern;Puppen- und Lauflernwagen von Wesco aus Birke-Multiplex mit hohem Schiebebügel und vier schwarzen Gummirädern.;Kita-Ausstattung;Wesco;Rollenspiel;Schlafraum;1;Stück;gut;;F-420;B;ja;ja;60,00;Fix;nur Abholung;;;;verfügbar;;;;;;;;;;;;
BU05-10;;;BU05;Wesco Lernlaufwagen;WESCO Lernlaufwagen aus Birke-Multiplex mit gepolsterter Sitzfläche, Steckformen im Sitz, Rückenlehne mit rundem Spiegel und seitlichen Zahnrädern zum Drehen, auf vier Gummirädern. Logo auf der Frontblende: wesco.;Kita-Ausstattung;Wesco;;Schlafraum;1;Stück;gebraucht;;F-421;B;ja;ja;90,00;Fix;nur Abholung;;;;verfügbar;;;;;;;;;;;;
BU06-05;;;BU06;Lernturm Holz natur;Küchen-Lernturm aus hellem Multiplex: Standfläche in Arbeitshöhe, umlaufende Brüstung mit Griffausschnitten und eine tiefer liegende Aufstiegsstufe. Kanten an mehreren Stellen abgestoßen.;Kita-Ausstattung;;Rollenspiel;Küche und Essbereich;1;Stück;gebraucht;;F-427;B;ja;ja;70,00;Fix;nur Abholung;;;;verfügbar;;;;;;;;;;;;Ein zweiter in Weiß steht unter BU06-06.
BU06-06;;;BU06;Lernturm Holz weiß;Küchen-Lernturm aus weiß lackiertem Multiplex: Standfläche in Arbeitshöhe, hohe Rückwand, Haltestange vorne und eine tiefer liegende Aufstiegsstufe.;Kita-Ausstattung;;Rollenspiel;Küche und Essbereich;1;Stück;gebraucht;;F-428;B;ja;ja;70,00;Fix;nur Abholung;;;;verfügbar;;;;;;;;;;;;Ein zweiter in Natur steht unter BU06-05.
BU06-07;;;BU06;Rollschrank dunkelgrau, acht Fächer;Regal in Dunkelgrau mit acht Fächern in zwei Reihen, drei Fächer mit Türen und Metallgriffen, auf Rollen. 150x40x86cm;Möbel;;;Küche und Essbereich;1;Stück;gebraucht;;F-429;B;ja;ja;70,00;Fix;nur Abholung;;;;verfügbar;;;;;;;;;;;;
BU06-08;;;BU06;Abfallbehälter Metall schwarz;Hoher runder Abfallbehälter aus schwarz lackiertem Metall mit Inneneimer.;Sonstiges;;;Küche und Essbereich;2;Stück;gebraucht;;F-430;C;ja;ja;15,00;Fix;nur Abholung;;;;verfügbar;;;;;;;;;;;;Ein weißer Behälter gleicher Bauart steht unter BU06-09.
BU06-09;;;BU06;Abfallbehälter Metall weiß mit Push-Deckel;Hoher runder Abfallbehälter aus weiß lackiertem Metall mit verchromtem Push-Deckel.;Sonstiges;;;Küche und Essbereich;1;Stück;gebraucht;;F-431;C;ja;ja;15,00;Fix;nur Abholung;;;;verfügbar;;;;;;;;;;;;Zwei schwarze Behälter gleicher Bauart stehen unter BU06-08.
BU06-10;;;BU06;IKEA FLYTTA Servierwagen Edelstahl, drei Ebenen;IKEA FLYTTA Servierwagen aus Edelstahl mit drei geschlossenen Ablageböden, umlaufenden Schiebegriffen und vier Lenkrollen, zwei davon feststellbar. Plattengröße: 87x57;Möbel;IKEA;;Küche und Essbereich;1;Stück;gebraucht;;F-432;B;ja;ja;90,00;Fix;nur Abholung;;;;verfügbar;;;;;;;;;;;;Servierwagen aus lackiertem Metall stehen unter BU02-16 und BU04-13.
BU06-11;;;BU06;Schreibtisch schwarzbraun mit Schublade;Schmaler Schreibtisch in Schwarzbraun mit einer breiten Schublade und seitlichem Unterbau. 105x50cm;Möbel;;;Küche und Essbereich;2;Stück;gebraucht;;F-433;B;ja;ja;45,00;Fix;nur Abholung;"ohne Bildschirm und Zubehör; 1x inkl. Aufbau";;;verfügbar;;;;;;;;;;;;
BU06-12;;;BU06;Schalensessel grau mit Holzbeinen;Sessel in Erwachsenengröße: graue Kunststoffschale mit Armlehnen auf konischen Beinen aus hellem Massivholz, dazu ein rundes Sitzkissen aus cognacfarbenem Kunstleder.;Möbel;;;Küche und Essbereich;2;Stück;gebraucht;;F-434;B;ja;ja;60,00;Fix;nur Abholung;;;;verfügbar;;;;;;;;;;;;
BU06-13;;;BU06;Regal weiß, schmal und hoch;Schmales hohes Regal in Weiß mit verstellbaren Böden.;Möbel;;;Küche und Essbereich;1;Stück;gebraucht;;F-435;C;ja;ja;30,00;Fix;nur Abholung;ohne Inhalt;;;verfügbar;;;;;;;;;;;;
BU06-14;;;BU06;Fächerregal grau, 24 Fächer;Langes niedriges Regal in Grau mit vierundzwanzig Fächern in vier Reihen, durchgehende Deckplatte. Als Postfach- und Ablageregal genutzt. 146x32x70cm;Möbel;;;Küche und Essbereich;1;Stück;gebraucht;;F-436;B;ja;ja;120,00;Fix;nur Abholung;"ohne Inhalt ; Namensschilder werden vor der Übergabe entfernt";;;verfügbar;;;;;;;;;;;;
NE03-01;;;NE03;Wandregale in Wolkenform;Wandregale in Wolkenform aus lackiertem Holz, ohne Zwischenböden: ein großes und ein kleineres in Weiß, zwei in Schwarz. 1 Set;Deko;;;Krippenschlafraum;1;Stück;gut;;F-438;C;ja;ja;20,00;Fix;nur Abholung;;;;verfügbar;;;;;;;;;;;;
NE03-03;;;NE03;Wesco Gitterbett Kunststoff, grau;Krippenbett von Wesco aus grauem Kunststoff mit geschlossenem Sockel, belüfteten Seitenwänden und Griffausschnitten zum Verschieben. Logo an der Längsseite: wesco. Mit Matratze, ohne Bettzeug und Inhalt;Kita-Ausstattung;Wesco;Schlafen und Wickeln;Krippenschlafraum;6;Stück;gut;;F-440;B;ja;ja;190,00;Fix;nur Abholung;;;;verfügbar;;;;;;;;;;;;2 lagernd in der Garage
NE03-04;;NE04-02;NE03;Gitterbett Holz weiß;Kinderbett aus weiß lackiertem Holz mit Sprossen an allen vier Seiten und geschwungenen Kopf- und Fußteilen, einschließlich Matratze, ohne Inhalt 125x65;Kita-Ausstattung;;Schlafen und Wickeln;Krippenschlafraum;10;Stück;gut;;F-441;C;ja;ja;60,00;Fix;nur Abholung;;;;verfügbar;;;;;;;;;;;;Zusammengefasste Position über zwei Räume – Post-it-Nummer: NE04-02. Frueherer Mengenhinweis: 10 Betten einschließlich Matratzen: 3 im Schlafraum 2 (NE03-04) und 7 im Schlafraum 3 (NE04-02). Abgebildet ist eines davon, mehrere auf Foto F-452. Nestchen und Bettwäsche gehören nicht dazu.
NE03-05;;;NE03;Hauck Kinderwagen schwarz;Sportwagen von Hauck in Schwarz mit Verdeck, Fünfpunktgurt und Faltmechanik. Aufdruck am Sitz: Rapid Fold. Der Stoff ist an mehreren Stellen verschmutzt.;Kita-Ausstattung;Hauck;;Krippenschlafraum;1;Stück;gebraucht;;F-442;C;ja;ja;45,00;Fix;nur Abholung;;;;verfügbar;;;;;;;;;;;;Das Etikett ist auf Foto F-443 zu sehen.
NE03-06;;;NE03;Leuchtobjekt Elefant, Metall;Dekoleuchte in Elefantenform aus taupefarbenem Metall mit elf Fassungen für Glühlampen auf der Vorderseite, zum Stellen. Hersteller: Zara Home.;Leuchten;Zara Home;;Krippenschlafraum;2;Stück;gebraucht;;F-444;C;ja;ja;45,00;Fix;nur Abholung;;;;verfügbar;;;;;;;;;;;;
NE03-07;;;NE03;IKEA Kleiderschrank anthrazit mit drei Böden;Hoher Schrank von IKEA in Anthrazit mit zwei Türen, weißen ovalen Griffmulden und drei Einlegeböden.;Möbel;IKEA;;Krippenschlafraum;1;Stück;gebraucht;;F-445;B;ja;ja;60,00;Fix;nur Abholung;;;;verfügbar;;;;;;;;;;;;Baugleiche Schränke in Weiß stehen unter NU04-19.
NE03-09;;;NE03;IKEA Schrank weiß mit Drahtkörben;Hoher Schrank von IKEA in Weiß mit zwei Türen, weißen ovalen Griffmulden und innen sechs herausziehbaren Drahtkörben. Ohne Inhalt;Möbel;IKEA;;Krippenschlafraum;1;Stück;gebraucht;;F-447;B;ja;ja;80,00;Fix;nur Abholung;;;;verfügbar;;;;;;;;;;;;
NE03-10;;;NE03;Plüsch-Elefanten, zwei Stück;Zwei große Plüsch-Elefanten zum Stellen: einer aus cremefarbenem Breitcord, einer aus grau-cremefarben gestreiftem Stoff mit aufgestickten Augen. Am gestreiften Elefanten ein Etikett: done by deer.;Deko;;;Krippenschlafraum;2;Stück;gut;;F-448;C;ja;ja;25,00;Fix;nur Abholung;;;;verfügbar;;;;;;;;;;;;
NE03-11;;NE04-05;NE03;Wolken-Mobile Stoff, weiß;Mobile aus drei weißen Stoffwolken, zum Aufhängen.;Deko;;;Krippenschlafraum;6;Stück;gut;;F-449;C;ja;ja;20,00;Fix;nur Abholung;;;;verfügbar;;;;;;;;;;;;Zusammengefasste Position über zwei Räume – Post-it-Nummer: NE04-05. Frueherer Mengenhinweis: 6 Mobiles: 2 im Schlafraum 2 (NE03-11) und 4 im Schlafraum 3 (NE04-05). Abgebildet ist eines davon, ein weiteres auf Foto F-455.
NE04-03;;;NE04;Wanddekoration Wolken schwarz;Flache Wandelemente in Wolkenform aus schwarz lackiertem Holz, zum Aufhängen. 1 Set aus 2 Stück;Deko;;;Krippenschlafraum;1;Stück;gut;;F-453;C;ja;ja;20,00;Fix;nur Abholung;;;;verfügbar;;;;;;;;;;;;Wolken als Regal stehen unter NE03-01.
NE04-04;;;NE04;Schrank weiß mit zwei Türen und zwei Schubladen;Weißer Schrank mit zwei oberen Türen und zwei breiten Schubladen darunter, Griffmulden ausgeschnitten.;Möbel;;;Krippenschlafraum;1;Stück;gebraucht;;F-454;B;ja;ja;55,00;Fix;nur Abholung;;;;verfügbar;;;;;;;;;;;;
NE04-06;;;NE04;Wandspiegel in Wolkenform, weiß;Wandspiegel in Wolkenform mit breitem weiß lackiertem Holzrahmen.;Deko;;;Krippenschlafraum;1;Stück;gut;;F-456;C;ja;ja;25,00;Fix;nur Abholung;;;;verfügbar;;;;;;;;;;;;
NE04-07;;;NE04;Wesco Wickelauflage beige;Große Wickelauflage von Wesco mit beigem Kunstlederbezug und umlaufendem Rand. 98x69;Kita-Ausstattung;Wesco;Schlafen und Wickeln;Krippenschlafraum;2;Stück;gebraucht;;F-457;C;ja;ja;35,00;Fix;nur Abholung;;;;verfügbar;;;;;;;;;;;;
NE04-08;;;NE04;WESCO Wickelkommode Buche mit zehn Wannen;WESCO Wickelkommode aus Buche-Dekor mit weißer Wickelfläche und umlaufender Aufkantung, darunter zehn herausziehbare Kunststoffwannen in zwei Reihen. 70x77x80cm;Kita-Ausstattung;Wesco;Schlafen und Wickeln;Krippenschlafraum;1;Stück;gut;;F-458;B;ja;ja;180,00;Fix;nur Abholung;;;;verfügbar;;;;;;;;;;;;
NE04-09;;;NE04;WESCO Wickelkommode Buche groß mit Treppe;WESCO Große Wickelkommode aus Buche-Dekor mit weißer Wickelfläche und Aufkantung: in der Mitte eine herausrollbare Treppe für den Aufstieg, links und rechts je fünf herausziehbare Kunststoffwannen. 103x80x80;Kita-Ausstattung;Wesco;Schlafen und Wickeln;Krippenschlafraum;2;Stück;gut;;F-459;A;ja;ja;250,00;VHB;nur Abholung;;;;verfügbar;;;;;;;;;;;;
NE04-10;;;NE04;WESCO Wickelkommode mit Türen und Fachböden;WESCO Wickelkommode aus Buche-Dekor mit weißer Wickelfläche und Aufkantung, geschlossener Unterbau mit zwei Türen und drei Fachböden. 70x80x80;Kita-Ausstattung;Wesco;Schlafen und Wickeln;Krippenschlafraum;1;Stück;gut;;F-460;B;ja;ja;180,00;Fix;nur Abholung;;;;verfügbar;;;;;;;;;;;;
NE04-11;;;NE04;Baby Jogger City Select Kinderwagen, rot;Kinderwagen Baby Jogger City Select in Rot mit Verdeck, Fünfpunktgurt, Einkaufskorb und luftbereiften Rädern. Aufdruck am Rahmen: city select by baby jogger. Der Rahmen ist an mehreren Stellen abgeschabt.;Kita-Ausstattung;Baby Jogger;;Krippenschlafraum;1;Stück;gebraucht;;F-461;B;ja;ja;65,00;Fix;nur Abholung;;;;verfügbar;;;;;;;;;;;;Das Gestell mit Rädern ist auf Foto F-462 zu sehen.
NE04-12;;;NE04;Hochflorteppich rund, rot-orange;Runder Hochflorteppich in melierten Rot-, Orange- und Violetttönen.;Textilien;;;Krippenschlafraum;1;Stück;gebraucht;Ø ca. 200 cm;F-463;C;ja;ja;30,00;Fix;nur Abholung;;;;verfügbar;;;;;;;;;;;;Der Flor ist auf Foto F-464 aus der Nähe zu sehen.
NE04-13;;;NE04;Windeleimer weiß mit Deckel;Hoher Windeleimer aus weißem Kunststoff mit aufklappbarem Deckel, Dichtring und Fußpedal.;Kita-Ausstattung;;;Krippenschlafraum;2;Stück;gut;;F-465;C;ja;ja;25,00;Fix;nur Abholung;;;;verfügbar;;;;;;;;;;;;
NE04-14;;;NE04;Wandregal in Bergform, Holz;Wandregal in Form einer Bergkette aus hellem Holz mit weiß lackierten Gipfeln, durchgehender Ablageboden.;Deko;;;Krippenschlafraum;3;Stück;gut;;F-466;C;ja;ja;10,00;Fix;nur Abholung;;;;verfügbar;;;;;;;;;;;;
NE04-15;;;NE04;Mobile Holzbogen mit Filzkugeln;Mobile mit geschwungenem Bogen aus Birkenholz, daran Filzkugeln in Rot, Grau und Weiß sowie Sterne und Häuschen aus Holz und Filz in Schwarz, Grau und Natur.;Deko;;;Krippenschlafraum;3;Stück;gut;;F-467;C;ja;ja;25,00;Fix;nur Abholung;;;;verfügbar;;;;;;;;;;;;
NE05-04;;;NE05;Vitra Panton Chair rot, Erwachsenengröße;Panton Chair von Vitra, Entwurf Verner Panton: Freischwinger aus einem Stück Kunststoff, rot matt, S-förmig geschwungen. Erwachsenengröße. Aufkleber an der Unterseite: 44003000, 26.03.2019.;Möbel;Vitra;Designklassiker;Speisesaal;1;Stück;gebraucht;;F-470;A;ja;ja;190,00;Fix;nur Abholung;;;;verfügbar;;;;;;;;;;;;Die Seitenansicht ist auf Foto F-470 zu sehen. Panton Chairs in Kindergröße stehen unter NE05-05 (rot) und NE05-12 (weiß).
NE05-05;;;NE05;Vitra Panton Chair Junior rot, Kindergröße;"Panton Chair Junior von Vitra, Entwurf Verner Panton: Freischwinger aus einem Stück Kunststoff, rot matt, S-förmig geschwungen, in Kindergröße. Die Aufkleber an der Unterseite sind nicht mehr lesbar; der Stuhl in Erwachsenengröße aus demselben Raum (NE05-04) trägt den Vitra-Aufkleber.";Kita-Ausstattung;Vitra;Designklassiker;Speisesaal;5;Stück;gebraucht;;F-471;A;ja;ja;100,00;Fix;nur Abholung;;;;verfügbar;;;;;;;;;;;;
NE05-06;;;NE05;Stokke Steps Treppenhochstuhl, schwarz;Stokke Steps: mitwachsender Treppenhochstuhl, Seitenwangen und Platten schwarz, Sitz- und Fußbrett in der Höhe verstellbar, Rückenlehne mit umlaufendem Bügel. Artikelnummer 460002.;Kita-Ausstattung;Stokke;Designklassiker;Speisesaal;7;Stück;gebraucht;;F-472;B;ja;ja;90,00;Fix;nur Abholung;;;;verfügbar;;;;;;;;;;;;Dieselbe Reihe in anderen Farben steht unter NE05-07, NE05-08 und NU05-01.
NE05-07;;;NE05;Stokke Steps Treppenhochstuhl, weiß mit schwarzem Gestell;Stokke Steps: mitwachsender Treppenhochstuhl, Seitenwangen schwarz, Sitz- und Fußbrett sowie Rückenlehne mit Bügel in Weiß, in der Höhe verstellbar. Artikelnummer 460001.;Kita-Ausstattung;Stokke;Designklassiker;Speisesaal;4;Stück;gebraucht;;F-473;B;ja;ja;90,00;Fix;nur Abholung;;;;verfügbar;;;;;;;;;;;;Dieselbe Reihe in anderen Farben steht unter NE05-06, NE05-08 und NU05-01.
NE05-08;;;NE05;Stokke Steps Treppenhochstuhl, grau mit Buchengestell;Stokke Steps: mitwachsender Treppenhochstuhl, Seitenwangen aus Buche natur, Sitz- und Fußbrett sowie Rückenlehne mit Bügel in Grau, in der Höhe verstellbar. Artikelnummer 460003.;Kita-Ausstattung;Stokke;Designklassiker;Speisesaal;4;Stück;gebraucht;;F-474;B;ja;ja;90,00;Fix;nur Abholung;;;;verfügbar;;;;;;;;;;;;Dieselbe Reihe in anderen Farben steht unter NE05-06, NE05-07 und NU05-01.
NE05-09;;;NE05;IKEA Ingolf Kinderhochstuhl weiß;Hoher Kinderstuhl von IKEA aus Massivholz, weiß lackiert, mit Kreuzstrebe in der Lehne und Fußstütze. Etikett an der Unterseite: Ingolf, 20948, IKEA of Sweden. Die Sitzfläche ist stark verkratzt und die Farbe an den Kanten abgeplatzt.;Kita-Ausstattung;IKEA;;Speisesaal;2;Stück;stark gebraucht;;F-475;C;ja;ja;35,00;Fix;nur Abholung;;;;verfügbar;;;;;;;;;;;;Das Etikett ist auf Foto F-476 zu sehen.
NE05-13;;;NE05;Rollwagen schwarz mit Holzplatte;Rollwagen mit schwarzem Metallgestell, oberer Platte aus Multiplex und zwei schwarzen Ablageböden, auf vier Lenkrollen.;Möbel;;;Speisesaal;2;Stück;gebraucht;;F-481;B;ja;ja;70,00;Fix;nur Abholung;;;;verfügbar;;;;;;;;;;;;
NE05-14;;;NE05;Glas-Magnettafel weiß, großformatig;Große Schreib- und Magnettafel aus weiß lackiertem Glas, beschreibbar mit Whiteboard-Markern, einschließlich Magneten. 200x120cm;Büro;;;Speisesaal;1;Stück;gut;;F-482;B;ja;ja;90,00;Fix;nur Abholung;;;;verfügbar;;;;;;;;;;;;
NE05-15;;;NE05;Wandleuchte Rehkitz schwarz;Wandleuchte in Form eines Rehkitzes aus schwarz lackiertem Holz, mit Kabel und Schnurschalter.;Leuchten;;;Speisesaal;2;Stück;gut;;F-483;C;ja;ja;15,00;Fix;nur Abholung;;;;verfügbar;;;;;;;;;;;;
NE05-16;;;NE05;Deko-Stern Holz;Fünfzackiger Stern aus massivem Holz, natur, zum Stellen oder Aufhängen.;Deko;;;Speisesaal;6;Stück;gut;;F-484;C;ja;ja;7,00;Fix;nur Abholung;;;;verfügbar;;;;;;;;;;;;
NE05-17;;;NE05;Wandhaken in Stuhlform, schwarz;Kleine Wandhaken in Form von Stühlen aus schwarz lackiertem Holz, in zwei verschiedenen Ausführungen.;Deko;;;Speisesaal;4;Stück;gut;;F-485;C;ja;ja;2,00;Fix;nur Abholung;;;;verfügbar;;;;;;;;;;;;
NE05-12;;;NE05;Vitra Panton Chair Junior weiß, Kindergröße;"Panton Chair Junior von Vitra, Entwurf Verner Panton: Freischwinger aus einem Stück Kunststoff, weiß matt, S-förmig geschwungen, in Kindergröße. Die Aufkleber an der Unterseite sind nicht mehr lesbar; der Stuhl in Erwachsenengröße aus demselben Raum (NE05-04) trägt den Vitra-Aufkleber.";Kita-Ausstattung;Vitra;Designklassiker;Speisesaal;5;Stück;gebraucht;;F-479;A;ja;ja;150,00;Fix;nur Abholung;;;;verfügbar;;;;;;;;;;;;5 Stühle – abgebildet ist einer davon, die Seitenansicht auf Foto F-480.
NU02-25;;;NU02;Vitra Eames Elephant, kleine Ausführung, schwarz;Eames Elephant Small von Vitra, Entwurf Charles und Ray Eames 1945: Sitz- und Spieltier in Elefantenform aus Kunststoff, kleine Ausführung, schwarz. An der Flanke das runde Vitra-Metallplättchen.;Deko;Vitra;Designklassiker;Gruppenraum;1;Stück;gebraucht;;F-487;A;ja;ja;110,00;Fix;nur Abholung;;;;verfügbar;;;;;;;;;;;;Auf dem Foto steht er neben einem Exemplar der großen Ausführung (NU02-18), sodass der Größenunterschied zu sehen ist.
BE01-04;;;BE01;Beistelltisch rund, Drahtgestell schwarz;Runder Beistelltisch mit taillentem Gestell aus schwarzen Rundstäben und aufgelegter Holzplatte in Nussbaumton.;Möbel;;;Flur;1;Stück;gut;;F-489;C;ja;ja;45,00;Fix;nur Abholung;;;;verfügbar;;;;;;;;;;;;
BE01-05;;;BE01;IKEA Trofast Wandhängeregal weiß, drei Fächer;IKEA Trofast Weißes Wandregal mit drei offenen Fächern und seitlichen Aufhängungen, zum Einhängen an eine Schiene. 99x20x33cm;Möbel;IKEA;;Flur;2;Stück;gebraucht;;F-490;C;ja;ja;35,00;Fix;nur Abholung;;;;verfügbar;;;;;;;;;;;;
BE01-06;;;BE01;Wandregal in Hausform, Holz;Wandelement in Hausform aus hellem Holz mit offener Front, als Bilder- oder Dekoablage.;Deko;;;Flur;2;Stück;gut;;F-491;C;ja;ja;20,00;Fix;nur Abholung;;;;verfügbar;;;;;;;;;;;;
BE01-07;;;BE01;Wanddeko Hirschkopf mit Holzgeweih;Hirschkopf als Wanddekoration: facettierter Kopf in Braun-Grau mit aufgestecktem Geweih aus hellem Holz.;Deko;;;Flur;1;Stück;gut;;F-492;C;ja;ja;35,00;Fix;nur Abholung;;;;verfügbar;;;;;;;;;;;;Flache Hirschköpfe aus Sperrholz stehen unter NU04-01.
BE10-05;;;BE10;Schalenstuhl weiß mit Holzbeinen;Stuhl mit weißer Kunststoff-Sitzschale auf konischen Beinen aus hellem Holz mit schwarzer Drahtstrebe. Kein Original: Das Etikett an der Unterseite nennt P and N Homewares Ltd, Leicester, Item No. EC101.;Möbel;;;Büro und Besprechung;9;Stück;gut;;F-495;B;ja;ja;30,00;Fix;nur Abholung;;;;verfügbar;;;;;;;;;;;;Das Etikett ist auf Foto F-496 zu sehen.
BE10-06;;;BE10;Acrylbild abstrakt, schwarz-weiß-beige, großformatig;Acryl auf Leinwand im Querformat: breite Pinselzüge und Spachtelflächen in Schwarz, Weiß, Grau und Beige. Eigenarbeit einer Privatperson;Kunst;;;Büro und Besprechung;1;Stück;gut;;F-497;B;ja;ja;180,00;Fix;nur Abholung;;;;verfügbar;;;;;;;;;;;;
BE10-07;;;BE10;Flipchart fahrbar mit Papierrolle;Flipchart auf einem Standfuß mit weißer Säule, mit eingehängter Papierrolle. Aufdruck am unteren Rand der Rolle: Staufen.;Büro;;;Büro und Besprechung;1;Stück;gut;;F-499;C;entfällt;ja;90,00;Fix;nur Abholung;;;;verfügbar;;;;;;;;;;;;
BE10-08;;;BE10;Eckschreibtisch weiß;Eckschreibtisch mit weißer Platte und ausgeschnittener Vorderkante auf weißem Metallgestell mit Säulenfüßen.;Büro;;;Büro und Besprechung;1;Stück;gebraucht;;F-500;B;ja;ja;150,00;Fix;nur Abholung;;;;verfügbar;;;;;;;;;;;;Das Post-it ist auf Foto F-501 zu lesen.
TE02-07;;;TE02;KidKraft Kinder-Strandliege mit Sonnendach;Liege für Kinder aus lasiertem Holz mit Lattenrost, hochgestellter Rückenlehne, Sonnendach aus grauem Stoff und einer Mittelkonsole mit zwei Bechereinsätzen. Das Holz ist wettergrau, der Stoff verschmutzt.;Garten;KidKraft;Außenbereich;Dachterrasse;1;Stück;gebraucht;;F-504;C;ja;ja;45,00;Fix;nur Abholung;;;;verfügbar;;;;;;;;;;;;
TE02-08;;;TE02;IKEA Skarpö Sessel weiß;Gartensessel IKEA Skarpö, Entwurf Magnus Elebäck: weißer Kunststoff in einem Stück, stapelbar. Etikett an der Unterseite: Skarpö, 702.341.85, 18809.;Garten;IKEA;Außenbereich;Dachterrasse;4;Stück;gebraucht;;F-506;C;ja;ja;25,00;Fix;nur Abholung;;;;verfügbar;;;;;;;;;;;;Das Etikett ist auf Foto F-505 zu sehen.
TE02-09;;TE02-16;TE02;IKEA Mammut Kinderstuhl rot;Kinderstuhl IKEA Mammut aus rotem Kunststoff mit runden Beinen und breiter Rückenlehne, für drinnen und draußen.;Garten;IKEA;Außenbereich;Dachterrasse;20;Stück;gebraucht;;F-507;C;ja;ja;12,00;Fix;nur Abholung;"10 Stück guter Zustand; 10 Stück gebraucht. Insgesamt  68 Mammut-Kinderstühle in 5 Farben;";;;verfügbar;;;;;;;;;;;;Zusammengefasste Position aus zwei Nummern desselben Raums – Post-it-Nummer: TE02-16. Frueherer Mengenhinweis: 20 Stühle insgesamt. Zehn davon sind in gutem Zustand (auf dem Erfassungsblatt TE02-09), zehn weitere sind gebraucht (dort TE02-16) und auf Foto F-514 gestapelt zu sehen. Insgesamt stehen 68 Mammut-Kinderstühle zum Verkauf: 20 rot (TE02-09), 20 weiß (TE02-13 und GA01-06), 16 grün (TE02-10 und NU02-14), 6 rosa (TE02-14, GA01-08 und NU02-14) und 6 blau (GA01-07). Sie stehen als eigene Positionen, weil Zustand und Standort sich unterscheiden.
TE02-10;;;TE02;IKEA Mammut Kinderstuhl grün;Kinderstuhl IKEA Mammut aus grünem Kunststoff. Die Stühle standen lange im Freien: Farbe ausgeblichen, Oberflächen stumpf und stark verkratzt.;Garten;IKEA;Außenbereich;Dachterrasse;15;Stück;stark gebraucht;;F-508;C;ja;ja;5,00;Fix;nur Abholung;"stark verwittert; Insgesamt 68 Mammut-Kinderstühle in 5 Farben; eigene Positionen, da unterschiedlicher Zustand";;;verfügbar;;;;;;;;;;;;Insgesamt stehen 68 Mammut-Kinderstühle zum Verkauf: 20 rot (TE02-09), 20 weiß (TE02-13 und GA01-06), 16 grün (TE02-10 und NU02-14), 6 rosa (TE02-14, GA01-08 und NU02-14) und 6 blau (GA01-07).
TE02-11;;;TE02;IKEA Mammut Kindertisch grün, rund;Runder Kindertisch IKEA Mammut aus grünem Kunststoff auf drei konischen Beinen.;Garten;IKEA;Außenbereich;Dachterrasse;2;Stück;stark gebraucht;;F-509;C;ja;ja;15,00;Fix;nur Abholung;;;;verfügbar;;;;;;;;;;;;
TE02-12;;;TE02;IKEA Mammut Kindertisch grün, rund, stark verwittert;Runder Kindertisch IKEA Mammut aus grünem Kunststoff. Die Platte ist vom Wetter ausgebleicht und großflächig grau verfärbt.;Garten;IKEA;Außenbereich;Dachterrasse;2;Stück;stark gebraucht;;F-510;C;ja;ja;10,00;Fix;nur Abholung;;;;verfügbar;;;;;;;;;;;;Weniger stark bewitterte Tische gleicher Bauart stehen unter TE02-11.
TE02-13;;TE02-18;TE02;IKEA Mammut Kinderstuhl weiß;Kinderstuhl IKEA Mammut aus weißem Kunststoff mit runden Beinen und breiter Rückenlehne.;Garten;IKEA;Außenbereich;Dachterrasse;14;Stück;gebraucht;;F-511;C;ja;ja;10,00;Fix;nur Abholung;"Insgesamt 68 Mammut-Kinderstühle in 5 Farben; eigene Positionen, da unterschiedlicher Zustand und Farben";;;verfügbar;;;;;;;;;;;;Zusammengefasste Position aus zwei Nummern desselben Raums – Post-it-Nummer: TE02-18. Frueherer Mengenhinweis: 14 Stühle insgesamt – abgebildet ist einer davon. Auf dem Erfassungsblatt stehen sie unter TE02-13 (5 Stück) und TE02-18 (9 Stück). Insgesamt stehen 68 Mammut-Kinderstühle zum Verkauf: 20 rot (TE02-09), 20 weiß (TE02-13 und GA01-06), 16 grün (TE02-10 und NU02-14), 6 rosa (TE02-14, GA01-08 und NU02-14) und 6 blau (GA01-07). Sie stehen als eigene Positionen, weil Zustand und Standort sich unterscheiden.
TE02-14;;;TE02;IKEA Mammut Kinderstuhl rosa;Kinderstuhl IKEA Mammut aus rosa Kunststoff, Farbe an Sitz und Lehne ausgeblichen.;Garten;IKEA;Außenbereich;Dachterrasse;4;Stück;gebraucht;;F-512;C;ja;ja;10,00;Fix;nur Abholung;"Insgesamt 68 Mammut-Kinderstühle in 5 Farben; eigene Positionen, da unterschiedlicher Zustand und Farben";;;verfügbar;;;;;;;;;;;;Insgesamt stehen 68 Mammut-Kinderstühle zum Verkauf: 20 rot (TE02-09), 20 weiß (TE02-13 und GA01-06), 16 grün (TE02-10 und NU02-14), 6 rosa (TE02-14, GA01-08 und NU02-14) und 6 blau (GA01-07).
TE02-15;;;TE02;IKEA Mammut Kindertisch rot;Kindertisch IKEA Mammut aus rotem Kunststoff auf konischen Beinen.;Garten;IKEA;Außenbereich;Dachterrasse;5;Stück;gebraucht;;F-514;C;ja;ja;20,00;Fix;nur Abholung;;;;verfügbar;;;;;;;;;;;;Auf dem Foto sind sie mit den roten Stühlen aus TE02-09 aufeinandergestellt.
TE02-17;;;TE02;IKEA Mammut Kindertisch weiß;Rechteckiger Kindertisch IKEA Mammut aus weißem Kunststoff auf konischen Beinen. Die Platte ist fleckig und vom Wetter gezeichnet.;Garten;IKEA;Außenbereich;Dachterrasse;5;Stück;gebraucht;;F-513;C;ja;ja;20,00;Fix;nur Abholung;;;;verfügbar;;;;;;;;;;;;Durchsicht 01.10.2026: 2 weiße Tische aus dem Garten (GA01-09) dazugenommen.
GA01-02;;;GA01;Smoby Kinderrutsche;Freistehende Kinderrutsche von Smoby aus Kunststoff mit Leiter und Handläufen. Logo am Gestell eingeprägt: Smoby.;Garten;Smoby;Außenbereich;Garten;2;Stück;gebraucht;;F-533;C;ja;ja;15,00;Fix;nur Abholung;unterschiedlichen Farben: die abgebildete in Rot-Grün, die zweite in Rot-Blau.;;;verfügbar;;;;;;;;;;;;2 Rutschen in unterschiedlichen Farben: rot-grün auf dem Foto, rot-blau auf Foto F-539. Das Logo ist auf den Fotos F-534 und F-540 zu sehen.
GA01-03;;;GA01;Schaukelanlage Holz mit Leiter und Hängehöhle;Schaukelgerüst aus massiven Holzbalken mit zwei Schaukelsitzen an Seilen, einer Stoff-Hängehöhle und einer angebauten Leiter. Das Holz ist wettergrau.;Kita-Ausstattung;;Außenbereich;Garten;1;Stück;gebraucht;;F-536;B;entfällt;ja;200,00;VHB;nur Abholung;;;;verfügbar;;;;;;;;;;;;
GA01-04;;;GA01;Schaukelanlage Holz mit Rutsche und Strickleiter;Schaukelgerüst aus Rundhölzern mit Schaukelsitz, Tellerschaukel, Strickleiter, Aufstiegsleiter und angebauter blauer Wellenrutsche. Das Holz ist wettergrau.;Kita-Ausstattung;;Außenbereich;Garten;1;Stück;gebraucht;;F-537;B;entfällt;ja;250,00;VHB;nur Abholung;;;;verfügbar;;;;;;;;;;;;
GA01-05;;;GA01;Smoby Kindertisch mit zwei Stühlen;Kindersitzgruppe von Smoby aus Kunststoff: rechteckiger Tisch in Rot und Weiß sowie zwei Schalenstühle in Rot mit weißer Sitzfläche. Die Platte ist ausgeblichen und verschmutzt.;Garten;Smoby;Außenbereich;Garten;1;Set;gebraucht;;F-535;C;ja;ja;15,00;Fix;nur Abholung;;;;verfügbar;;;;;;;;;;;;
GA01-06;;;GA01;IKEA Mammut Kinderstuhl weiß;Kinderstuhl IKEA Mammut aus weißem Kunststoff mit runden Beinen und breiter Rückenlehne.;Garten;IKEA;Außenbereich;Garten;6;Stück;gut;;F-520;C;ja;ja;10,00;Fix;nur Abholung;;;;verfügbar;;;;;;;;;;;;Insgesamt stehen 68 Mammut-Kinderstühle zum Verkauf: 20 rot (TE02-09), 20 weiß (TE02-13 und GA01-06), 16 grün (TE02-10 und NU02-14), 6 rosa (TE02-14, GA01-08 und NU02-14) und 6 blau (GA01-07).
GA01-07;;;GA01;IKEA Mammut Kinderstuhl blau;Kinderstuhl IKEA Mammut aus blauem Kunststoff. Die Stühle standen lange im Freien: Farbe ausgeblichen, Oberflächen stumpf und verschmutzt.;Garten;IKEA;Außenbereich;Garten;6;Stück;stark gebraucht;;F-538;C;ja;ja;5,00;Fix;nur Abholung;;;;verfügbar;;;;;;;;;;;;Insgesamt stehen 68 Mammut-Kinderstühle zum Verkauf: 20 rot (TE02-09), 20 weiß (TE02-13 und GA01-06), 16 grün (TE02-10 und NU02-14), 6 rosa (TE02-14, GA01-08 und NU02-14) und 6 blau (GA01-07).
GA01-08;;;GA01;IKEA Mammut Kinderstuhl rosa;Kinderstuhl IKEA Mammut aus rosa Kunststoff. Die Stühle standen lange im Freien: Farbe ausgeblichen, Oberflächen stumpf.;Garten;IKEA;Außenbereich;Garten;3;Stück;stark gebraucht;;F-530;C;entfällt;ja;5,00;Fix;nur Abholung;;;;verfügbar;;;;;;;;;;;;Durchsicht 01.10.2026: in TE02-14 aufgegangen.
GA01-09;;;GA01;IKEA Mammut Kindertisch weiß;Kindertisch IKEA Mammut aus weißem Kunststoff auf konischen Beinen.;Garten;IKEA;Außenbereich;Garten;2;Stück;gut;;F-530;C;entfällt;ja;25,00;Fix;nur Abholung;;;;verfügbar;;;;;;;;;;;;Durchsicht 01.10.2026: in TE02-17 aufgegangen.
GA01-10;;;GA01;IKEA Mammut Kindertisch rot;Kindertisch IKEA Mammut aus rotem Kunststoff auf konischen Beinen.;Garten;IKEA;Außenbereich;Garten;2;Stück;gut;;F-530;C;entfällt;ja;25,00;Fix;nur Abholung;;;;verfügbar;;;;;;;;;;;;Durchsicht 01.10.2026: in TE02-15 aufgegangen.
GA01-11;;;GA01;Fenwick Trettraktor Gabelstapler;Tretfahrzeug in Gabelstaplerform, rot mit schwarzem Hubmast und Stollenreifen, Hubgabel über eine Kurbel bedienbar. Aufdruck an der Seite: FENWICK.;Kita-Ausstattung;Fenwick;Außenbereich;Garten;2;Stück;gebraucht;;F-528;B;entfällt;ja;70,00;Fix;nur Abholung;;;;verfügbar;;;;;;;;;;;;Entfällt laut Durchsicht 05.10.2026.
GA01-12;;;GA01;Claas Axos 340 Trettraktor;Tretfahrzeug in Traktorform mit Claas-Aufdruck, grün-grau, mit Lenkrad, verstellbarem Sitz, Anhängerkupplung und Stollenreifen. Aufdruck an der Motorhaube: CLAAS 340 AXOS.;Kita-Ausstattung;Claas;Außenbereich;Garten;4;Stück;gebraucht;;F-529;B;ja;ja;30,00;Fix;nur Abholung;;;;verfügbar;;;;;;;;;;;;
GA01-13;;;GA01;Kinder-Liege Kunststoff orange;Niedrige Kinderliege aus orangefarbenem Kunststoff in einem Stück, stapelbar. Die Sitzfläche hat einen kleinen Riss an der Vorderkante.;Garten;;Außenbereich;Garten;2;Stück;gebraucht;;F-531;C;ja;ja;15,00;Fix;nur Abholung;Farbe ausgebleicht;;;verfügbar;;;;;;;;;;;;
GA01-14;;;GA01;Wehrfritz Spielanlage Burg mit zwei Rutschen;Große Spielanlage in Burgform aus Holz mit zwei Türmen, Hängebrücke mit Kletternetz, Kletterwand mit Griffen, Kriechtunnel, Spielhaus und zwei Rutschen in Rot und Gelb. Typenschild am Pfosten: ein TERRAMO Spielgerät von Wehrfritz, Kommission 30/1157, Baujahr 2012, entspricht DIN EN 1176:2008. Das Holz ist wettergrau.;Kita-Ausstattung;Wehrfritz;Außenbereich;Garten;1;Stück;gebraucht;;F-522;A;ja;ja;15.000,00;VHB;nur Abholung;Abbau und Transport durch den Käufer;;;verfügbar;;;;;;;;;;;;Eine zweite Ansicht steht auf Foto F-523, das Typenschild auf Foto F-521.
GA01-15;;;GA01;Sitzgruppe Holz, sechseckig;Sechseckige Sitzgruppe aus Massivholz: Tischplatte mit umlaufenden Bänken, fest verschraubt. Das Holz ist durchgehend wettergrau.;Garten;;Außenbereich;Garten;2;Stück;stark gebraucht;;F-532;B;ja;ja;40,00;Fix;nur Abholung;;;;verfügbar;;;;;;;;;;;;
GA01-16;;;GA01;Pinolino Kindersitzgarnitur mit Tisch;Kindersitzgarnitur von Pinolino aus Massivholz: Tisch mit zwei fest verbundenen Bänken. Brandzeichen auf der Platte: Pinolino. Das Holz ist durchgehend wettergrau.;Garten;Pinolino;Außenbereich;Garten;4;Stück;stark gebraucht;;F-518;C;ja;ja;20,00;Fix;nur Abholung;;;;verfügbar;;;;;;;;;;;;Das Brandzeichen ist auf Foto F-519 zu sehen.
BA08-15;;;BA08;Buntes Kopierpapier DIN A4, Konvolut;Farbiges Kopierpapier in DIN A4: ein ungeöffnetes Set crelando Farbpapier-Mix mit 200 Blatt in zehn Farben, eine angebrochene Packung M-Office in Rosa (500 Blatt, 80 g/m²), ein Block Regenbogenpapier sowie ein loser Stapel in vielen Farben.;Verbrauchsmaterial;;;Atelier;1;Konvolut;neuwertig;;F-568;C;ja;ja;15,00;Fix;nur Abholung;Der Inhalt wird nur komplett abgegeben.;;;verfügbar;;;;;;;;;;;;
BA08-16;;;BA08;IKEA MÅLA Papierrolle, 30 m;Malpapierrolle IKEA MÅLA, 30 m lang, original eingeschweißt.;Verbrauchsmaterial;IKEA;;Atelier;2;Stück;neuwertig;;F-547;C;ja;ja;4,00;Fix;nur Abholung;;;;verfügbar;;;;;;;;;;;;
BA08-17;;;BA08;Acrylfarben Van Bleiswijck, Konvolut;"Acrylfarben der Marke Van Bleiswijck Holland in Tuben: ungeöffnet zweimal Braun, zweimal Schwarz und einmal Primary Blue; angebrochen (etwa halb bis ein Viertel voll) Rot, Titanium White und Peach Pastel.";Verbrauchsmaterial;;;Atelier;1;Konvolut;gebraucht;;F-548;C;ja;ja;20,00;Fix;nur Abholung;Wird nur komplett abgegeben.;;;verfügbar;;;;;;;;;;;;
BA08-18;;;BA08;Schreibhefte DIN A5, Lineatur 1A, Konvolut;Staufen Premium Schreibhefte, DIN A5, 16 Blatt, Lineatur 1A (1. Schuljahr), liniert mit Tiermotiven auf dem Umschlag. Acht ungeöffnete Packungen mit je 25 Stück sowie acht einzelne Hefte – zusammen 208 Hefte.;Verbrauchsmaterial;Staufen;;Atelier;1;Konvolut;neuwertig;;F-549;C;ja;ja;40,00;Fix;nur Abholung;208 Hefte, nur komplett abzugeben.;;;verfügbar;;;;;;;;;;;;
BA08-19;;;BA08;Schreibhefte DIN A4, 32 Blatt, Konvolut;Staufen Premium Schreibhefte, DIN A4, 32 Blatt, in zwei Lineaturen: 20D (liniert mit Rand) und 20T (blanko, Trend Colour). Vier ungeöffnete Packungen mit je 20 Stück sowie 15 einzelne Hefte – zusammen 95 Hefte.;Verbrauchsmaterial;Staufen;;Atelier;1;Konvolut;neuwertig;;F-551;C;ja;ja;30,00;Fix;nur Abholung;95 Hefte, nur komplett abzugeben.;;;verfügbar;;;;;;;;;;;;
BA08-20;;;BA08;Strickfäustlinge Ernie, Paar;Gestrickte Fäustlinge im Ernie-Design (Sesamstraße) in Erwachsenengröße: orangener Grundton mit schwarzem Wollhaar, aufgesetzten Filzaugen und roter Bommelnase.;Deko;;;Atelier;30;Stück;neuwertig;;F-553;C;ja;ja;1,50;Fix;nur Abholung;30 Paar, ungebraucht.;;;verfügbar;;;;;;;;;;;;
BA08-21;;;BA08;Seidentuch Pongé 05, 90 × 90 cm;Weißes Seidentuch aus 100 % Seide, Qualität Pongé 05, etwa 90 × 90 cm, original verpackt. Zum Bemalen und Färben in der Seidenmalerei.;Verbrauchsmaterial;;;Atelier;7;Stück;neuwertig;90 × 90 cm;F-554;C;ja;ja;3,50;Fix;nur Abholung;;;;verfügbar;;;;;;;;;;;;
BA08-22;;;BA08;Pinselset im Sortierkasten;Sortierkasten mit Pinseln in vielen Größen und Formen: Rundpinsel, Flachpinsel und Borstenpinsel mit Holzstielen. Neu und unbenutzt.;Verbrauchsmaterial;;;Atelier;1;Set;neuwertig;;F-556;C;ja;ja;25,00;Fix;nur Abholung;Wird nur komplett abgegeben.;;;verfügbar;;;;;;;;;;;;
BA08-24;;;BA08;Kreativ-Set Körbchen Schmuckwelle;Staufen Kreativ-Set „2 Körbchen Schmuckwelle weiß“: zwei vorgestanzte Körbchenformen, ein Bogen Schmuckwelle, zwei Bogen Motiv-Krepp weiß mit roten Herzen, acht ausgestanzte goldene Eheringe und Schleifenband. Original verpackt.;Verbrauchsmaterial;Staufen;Bastelsets Staufen;Atelier;12;Stück;neuwertig;;F-557;C;ja;ja;1,50;Fix;nur Abholung;;;;verfügbar;;;;;;;;;;;;
BA08-25;;;BA08;Kreativ-Set Einladungskarten „Invito“;Staufen Kreativ-Set „6 Einladungs- und Tischkarten Invito“: sechs Bogen Fotokarton, fünf Bogen Tonzeichenpapier und 48 Tassendeckchen. Original verpackt.;Verbrauchsmaterial;Staufen;Bastelsets Staufen;Atelier;7;Stück;neuwertig;;F-558;C;ja;ja;1,50;Fix;nur Abholung;;;;verfügbar;;;;;;;;;;;;
BA08-26;;;BA08;Kreativ-Set Rupf-Zupf-Karten I;Staufen Kreativ-Set „4 Rupf-Zupf-Karten“: vier Motiv-Karten im Format 12,5 × 17,5 cm mit Schneemann, Ente, Sonnenblume und Auto sowie 33 Bogen Krepppapier in den passenden Farben. Original verpackt.;Verbrauchsmaterial;Staufen;Bastelsets Staufen;Atelier;7;Stück;neuwertig;;F-572;C;ja;ja;1,50;Fix;nur Abholung;;;;verfügbar;;;;;;;;;;;;
BA08-27;;;BA08;Kreativ-Set Taschen mit Herz;Staufen Kreativ-Set „3 Taschen mit Herz“: drei ausgestanzte Taschen aus brauner Schmuckwelle, ein Bogen Schmuckwelle rot, ein Bogen Fotokarton rot, drei Paar Plastikaugen und Bastband. Original verpackt.;Verbrauchsmaterial;Staufen;Bastelsets Staufen;Atelier;11;Stück;neuwertig;;F-571;C;ja;ja;1,50;Fix;nur Abholung;;;;verfügbar;;;;;;;;;;;;
BA08-28;;;BA08;Kreativ-Set Dekokugeln;Staufen Kreativ-Set „3 Dekokugeln“: drei Bogen Spiegelkarton 25 × 35 cm in Silber, Gold und Rot, Strasssteine zum Aufkleben und Schmuckband für die Aufhängung. Original verpackt.;Verbrauchsmaterial;Staufen;Bastelsets Staufen;Atelier;7;Stück;neuwertig;;F-563;C;ja;ja;1,50;Fix;nur Abholung;;;;verfügbar;;;;;;;;;;;;
BA08-29;;;BA08;Kreativ-Set Rupf-Zupf-Karten II;Staufen Kreativ-Set mit vier Rupf-Zupf-Karten 12,5 × 17,5 cm: Baum, Fisch, Haus und Schmetterling, dazu 33 Bogen Krepppapier in den passenden Farben. Original verpackt.;Verbrauchsmaterial;Staufen;Bastelsets Staufen;Atelier;7;Stück;neuwertig;;F-562;C;ja;ja;1,50;Fix;nur Abholung;;;;verfügbar;;;;;;;;;;;;
BA08-30;;;BA08;Kreativ-Set Blumentaschen;Staufen Kreativ-Set „3 Taschen mit Blume“: je eine ausgestanzte Tasche aus Schmuckwelle in Gelb, Rot und Blau, ein Bogen Regenbogenpapier, ein Bogen Fotokarton grün und Bastband. Original verpackt.;Verbrauchsmaterial;Staufen;Bastelsets Staufen;Atelier;11;Stück;neuwertig;;F-564;C;ja;ja;1,50;Fix;nur Abholung;;;;verfügbar;;;;;;;;;;;;
BA08-31;;;BA08;Kreativ-Set Windlichter „Mediterran“;Staufen Kreativ-Set „3 Windlichter Mediterran“: drei Bogen Motiv-Fotokarton Mediterran und drei Bogen Motiv-Transparentpapier mit Seesternen. Original verpackt.;Verbrauchsmaterial;Staufen;Bastelsets Staufen;Atelier;11;Stück;neuwertig;;F-559;C;ja;ja;1,50;Fix;nur Abholung;;;;verfügbar;;;;;;;;;;;;
BA08-32;;;BA08;Kreativ-Set Grußkarten;Staufen Kreativ-Set „3 Grußkarten“: drei Bogen Motiv-Fotokarton und ein Bogen Motiv-Transparentpapier im Format 25 × 35 cm sowie drei Bogen Naturpapier. Original verpackt.;Verbrauchsmaterial;Staufen;Bastelsets Staufen;Atelier;8;Stück;neuwertig;;F-560;C;ja;ja;1,50;Fix;nur Abholung;;;;verfügbar;;;;;;;;;;;;
BA08-33;;;BA08;Kreativ-Set Einladungskarten „Festa“;Staufen Kreativ-Set „6 Einladungs- und Tischkarten Festa“: sechs Bogen Fotokarton, fünf Bogen Tonzeichenpapier und 48 Tassendeckchen. Original verpackt.;Verbrauchsmaterial;Staufen;Bastelsets Staufen;Atelier;7;Stück;neuwertig;;F-561;C;ja;ja;1,50;Fix;nur Abholung;;;;verfügbar;;;;;;;;;;;;
BA08-34;;;BA08;Motivstanzer, Set;Sammlung Motivstanzer für Papier in verschiedenen Größen und Formen: Schneeflocken in vier Größen von 1 bis 3 Zoll, Blüten, Fisch, Tanne, Schmetterling und weitere Motive. Gebraucht und funktionsfähig.;Verbrauchsmaterial;;;Atelier;1;Set;gebraucht;;F-565;C;ja;ja;100,00;Fix;nur Abholung;Wird nur im Set abgegeben.;;;verfügbar;;;;;;;;;;;;
BA08-35;;;BA08;Plotterpapier Plotforms, Rolle 45 m;Eine Rolle Plotforms Plotterpapier, opak, 90 g/m², 45 m × 91,4 cm (Sorte 3201). Ungeöffnet im Versandkarton.;Verbrauchsmaterial;;;Atelier;1;Stück;neuwertig;45 m × 91,4 cm;F-566;C;ja;ja;15,00;Fix;nur Abholung;;;;verfügbar;;;;;;;;;;;;
BA08-36;;;BA08;Transparentpapier-Rolle 70 × 100 cm;Transparentpapier auf Rolle im Format 70 × 100 cm, Marken Creleo und folia, in verschiedenen Farben – darunter Rot, Blau, Hellblau, Lila, Weiß, Braun und Orange. Teils noch eingeschweißt. 1 Set bestehend aus 19 Rollen;Verbrauchsmaterial;;;Atelier;1;Stück;neuwertig;70 × 100 cm;F-567;C;ja;ja;30,00;Fix;nur Abholung;;;;verfügbar;;;;;;;;;;;;
BA08-37;;;BA08;Bastelpapier beige, 30 × 42 cm;Festes Bastelpapier in Beige, Format 30 × 42 cm, als Stapel von etwa 8 cm Höhe.;Verbrauchsmaterial;;;Atelier;1;Konvolut;neuwertig;30 × 42 cm;F-569;C;ja;ja;12,00;Fix;nur Abholung;Der Stapel wird komplett abgegeben.;;;verfügbar;;;;;;;;;;;;
BA04-19;;;BA04;Stofftasche mit Druckknopf, gestreift;Stofftasche aus festem Baumwollstoff mit schwarz-weißem Streifenmuster in Zebraoptik, zwei langen Tragegriffen und einem weißen Druckknopf als Verschluss. Etwa 37 × 34 cm.;Deko;;;Gruppenraum;23;Stück;gut;37 × 34 cm;F-543;C;ja;ja;3,00;Fix;nur Abholung;;;;verfügbar;;;;;;;;;;;;"Bis 01.10.2026 unter BA04-10 geführt; die Nummer gehört laut Post-it einem Spielzeugfahrzeug."
BA04-20;;;BA04;Stoffkorb weiß mit schwarzen Punkten;Kleiner Aufbewahrungskorb aus weißem Baumwollstoff mit schwarzem Punktmuster, mit umgeschlagenem Rand und seitlicher Stoffschlaufe. Etwa 20 × 17 cm.;Deko;;;Gruppenraum;35;Stück;gebraucht;20 × 17 cm;F-542;C;ja;ja;1,50;Fix;nur Abholung;35 Körbe, teilweise leicht verschmutzt.;;;verfügbar;;;;;;;;;;;;"Bis 01.10.2026 unter BA04-11 geführt; die Nummer gehört laut Post-it einem Spielzeugfahrzeug."
BU09-04;;;BU09;Hobelbank Massivholz, groß;Große Hobelbank aus massivem Holz mit durchgehender Arbeitsplatte, Vorder- und Hinterzange mit Holzkurbeln und einer Reihe Bankhakenlöcher. Erwachsenenhöhe. Deutliche Gebrauchsspuren und Farbflecken von der Werkarbeit – funktionsfähig.;Kita-Ausstattung;;;Werkraum;1;Stück;gebraucht;;F-544;B;ja;ja;250,00;VHB;nur Abholung;Abbau und Transport durch den Käufer.;;;verfügbar;;;;;;;;;;;;Preis bestätigt am 06.10.2026.
BU09-05;;;BU09;Werkzeugschrank für Kinder, mit Werkzeug;Wandschrank aus Birke-Multiplex mit zwei aufklappbaren Türen, Halterungen für jedes Werkzeug und zwei Schubladen. Bestückt mit echtem Werkzeug in Kindergröße: Maulschlüssel, Hammer, Handsäge, Schraubzwinge, Zange, Feile und Kleinteile. Das Werkzeug gehört dazu. Set;Kita-Ausstattung;;;Werkraum;1;Stück;gebraucht;;F-545;B;ja;ja;180,00;Fix;nur Abholung;2 Schränke, jeweils einschließlich Werkzeug. Abgebildet sind beide.;;;verfügbar;;;;;;;;;;;;Preis bestätigt am 06.10.2026.
NE02-06;;BU06-01;NE02;Kinderbecher mit facettiertem Fuß;1 Set mit 44 Trinkbecher aus Melamin mit facettiertem Fuß in Weiß, Salbei-, Grau- und Mintgrün, einige mit Motiv. Stapelbar, spülmaschinenfest.;Kita-Ausstattung;;;Küche;1;Set;gebraucht;;F-281;C;ja;ja;45,00;Fix;nur Abholung;44 Becher aus zwei Küchen, Farben gemischt, nur als Set.;;;verfügbar;;;;;;;;;;;;Aus dem Geschirr-Konvolut NE02-05 (Durchsicht 01.10.2026). Post-it BU06-01 (Foto F-423) gehört hierher.
NE02-07;;BU06-04;NE02;Kinderteller bunt und mit Tiermotiv;1 Set mit 49 Flache Teller aus Kunststoff in kräftigen Farben in zwei Größen sowie Teller mit Tiermotiv. Stapelbar, spülmaschinenfest.;Kita-Ausstattung;;;Küche;1;Set;gebraucht;;F-282;C;ja;ja;75,00;Fix;nur Abholung;49 Teller aus zwei Küchen, Farben und Größen gemischt, nur als Set.;;;verfügbar;;;;;;;;;;;;Aus dem Geschirr-Konvolut NE02-05 (Durchsicht 01.10.2026). Post-it BU06-04 (Foto F-426) gehört hierher.
BU06-03;;;BU06;Kinderbecher rot;1 Set mit 17 Trinkbecher aus Kunststoff in Rot und Pink. Stapelbar, spülmaschinenfest.;Kita-Ausstattung;;;Küche und Essbereich;1;Set;gebraucht;;F-425;C;ja;ja;20,00;Fix;nur Abholung;17 Becher, nur als Set.;;;verfügbar;;;;;;;;;;;;Aus dem Geschirr-Konvolut NE02-05 (Durchsicht 01.10.2026).
BA04-10;;;BA04;Bruder CAT Spielzeugbagger gelb-schwarz;Kettenbagger als Spielzeugmodell von Bruder im CAT-Design, gelb mit schwarzem Fahrwerk, beweglicher Arm mit Schaufel.;Kita-Ausstattung;Bruder;;Gruppenraum;1;Stück;gebraucht;;F-619;C;ja;ja;15,00;Fix;nur Abholung;;;;verfügbar;;;;;;;;;;;;Neu aus der Durchsicht vom 01.10.2026.
BA04-11;;;BA04;Bruder CAT Teleskoplader;Teleskoplader als Spielzeugmodell von Bruder im CAT-Design, gelb mit schwarzer Schaufel und ausfahrbarem Arm.;Kita-Ausstattung;Bruder;;Gruppenraum;1;Stück;gebraucht;;F-620;C;ja;ja;15,00;Fix;nur Abholung;;;;verfügbar;;;;;;;;;;;;Neu aus der Durchsicht vom 01.10.2026.
BA04-12;;;BA04;Bruder JCB Midi CX Baggerlader;Baggerlader JCB Midi CX als Spielzeugmodell von Bruder, gelb, mit Frontschaufel und Heckbagger.;Kita-Ausstattung;Bruder;;Gruppenraum;1;Stück;gebraucht;;F-621;C;ja;ja;15,00;Fix;nur Abholung;;;;verfügbar;;;;;;;;;;;;Neu aus der Durchsicht vom 01.10.2026.
BA04-13;;;BA04;Spielzeug-Müllauto orange;Großes Müllauto aus Kunststoff in Orange mit kippbarem Aufbau und gelben Felgen.;Kita-Ausstattung;;;Gruppenraum;1;Stück;gebraucht;;F-623;C;ja;ja;15,00;Fix;nur Abholung;;;;verfügbar;;;;;;;;;;;;Neu aus der Durchsicht vom 01.10.2026.
BA04-14;;;BA04;Bruder Deutz Traktor grün;Traktor nach Deutz-Fahr als Spielzeugmodell von Bruder, grün-schwarz, mit Kabine.;Kita-Ausstattung;Bruder;;Gruppenraum;1;Stück;gebraucht;;F-625;C;ja;ja;15,00;Fix;nur Abholung;;;;verfügbar;;;;;;;;;;;;Neu aus der Durchsicht vom 01.10.2026.
BA04-15;;;BA04;Spielzeug-Hoflader Schäffer rot;Hoflader nach Schäffer 2630 als Spielzeugmodell, rot, mit Ballenzange.;Kita-Ausstattung;;;Gruppenraum;1;Stück;gebraucht;;F-626;C;ja;ja;12,00;Fix;nur Abholung;;;;verfügbar;;;;;;;;;;;;Neu aus der Durchsicht vom 01.10.2026.
BA04-16;;;BA04;Bruder Claas Lexion 480 Mähdrescher;Mähdrescher Claas Lexion 480 als Spielzeugmodell von Bruder, grün-weiß, mit Schneidwerk.;Kita-Ausstattung;Bruder;;Gruppenraum;1;Stück;gebraucht;;F-622;C;ja;ja;15,00;Fix;nur Abholung;Nicht vollständig.;;;verfügbar;;;;;;;;;;;;Neu aus der Durchsicht vom 01.10.2026.
BA04-17;;;BA04;"Bruder Jeep rot „Super Eagle""";"Geländewagen als Spielzeugmodell von Bruder, rot mit Überrollbügel und Aufdruck „Super Eagle"".";Kita-Ausstattung;Bruder;;Gruppenraum;1;Stück;gebraucht;;F-624;C;ja;ja;8,00;Fix;nur Abholung;;;;verfügbar;;;;;;;;;;;;Neu aus der Durchsicht vom 01.10.2026.
BA04-18;;;BA04;Spielzeug-Feldhäcksler Claas Jaguar;Feldhäcksler nach Claas Jaguar als Spielzeugmodell, grün-weiß, mit Maisgebiss.;Kita-Ausstattung;;;Gruppenraum;1;Stück;gebraucht;;F-627;C;ja;ja;15,00;Fix;nur Abholung;;;;verfügbar;;;;;;;;;;;;Neu aus der Durchsicht vom 01.10.2026.
BE10-14;;;BE10;Truhe Holz weiß mit gewölbtem Deckel;Aufbewahrungstruhe aus Holz, weiß lackiert, gewölbter Lattendeckel, Front mit aufgemalten dunklen Punkten.;Möbel;;;Büro und Besprechung;1;Stück;gebraucht;;F-595;B;ja;ja;60,00;Fix;nur Abholung;;;;verfügbar;;;;;;;;;;;;"Im Word-Dokument als BE10-13 angekündigt; laut Post-it BE10-14 (Entscheidung 01.10.2026)."
BU12-01;;;BU12;Winther Dreirad mit Doppelsitz;Kita-Dreirad von Winther, rotes Stahlrohr, hinten eine Sitzbank für zwei Mitfahrer mit Bügel und Trittblech.;Kita-Ausstattung;Winther;Außenbereich;Abstellraum;1;Stück;gebraucht;;F-596;B;ja;ja;250,00;VHB;nur Abholung;;;;verfügbar;;;;;;;;;;;;Neu aus der Durchsicht vom 01.10.2026.
BU12-02;;;BU12;Winther Dreirad, Einsitzer;Kita-Dreirad von Winther, rotes Stahlrohr, schwarzer Sattel, Vollgummireifen.;Kita-Ausstattung;Winther;Außenbereich;Abstellraum;1;Stück;gebraucht;;F-597;B;ja;ja;60,00;Fix;nur Abholung;;;;verfügbar;;;;;;;;;;;;Neu aus der Durchsicht vom 01.10.2026.
BU12-03;;;BU12;Gartengeräte für Kinder: Besen, Rechen, Haken;6 Kinderbesen, 7 Rechen und 4 Haken, im Eimer.;Garten;;;Abstellraum;1;Konvolut;gebraucht;;F-598;C;ja;ja;25,00;Fix;nur Abholung;Nur als Ganzes. Der Eimer gehört nicht dazu.;;;verfügbar;;;;;;;;;;;;Neu aus der Durchsicht vom 01.10.2026.
BU12-04;;;BU12;Winther Spiel-Tankstelle;Spielzeug-Zapfsäule von Winther, rot mit Ziffernanzeige, Schlauch und grünem Zapfhahn.;Kita-Ausstattung;Winther;Außenbereich;Abstellraum;1;Stück;gebraucht;;F-599;C;ja;ja;120,00;Fix;nur Abholung;;;;verfügbar;;;;;;;;;;;;Neu aus der Durchsicht vom 01.10.2026.
BU12-05;;;BU12;Winther Dreirad, Zweisitzer;Kita-Dreirad von Winther für zwei Kinder hintereinander, rotes Stahlrohr, zwei Sättel, Trittblech.;Kita-Ausstattung;Winther;Außenbereich;Abstellraum;1;Stück;gebraucht;;F-600;B;ja;ja;200,00;VHB;nur Abholung;;;;verfügbar;;;;;;;;;;;;Neu aus der Durchsicht vom 01.10.2026.
BU12-06;;;BU12;Winther Lastendreirad mit Transportwanne;Kita-Lastendreirad von Winther, rotes Stahlrohr, vorne eine große schwarze Kunststoffwanne.;Kita-Ausstattung;Winther;Außenbereich;Abstellraum;1;Stück;gebraucht;;F-601;A;ja;ja;250,00;VHB;nur Abholung;;;;verfügbar;;;;;;;;;;;;Neu aus der Durchsicht vom 01.10.2026.
BU12-07;;;BU12;Winther Dreirad mit Mitfahrersitz;Kita-Dreirad von Winther, rotes Stahlrohr, hinten ein Mitfahrersitz mit Bügel und Trittblech.;Kita-Ausstattung;Winther;Außenbereich;Abstellraum;1;Stück;gebraucht;;F-602;B;ja;ja;225,00;VHB;nur Abholung;;;;verfügbar;;;;;;;;;;;;Neu aus der Durchsicht vom 01.10.2026.
BU12-08;;;BU12;Winther Dreirad mit Trittplattform;Kita-Dreirad von Winther, rotes Stahlrohr, hinten eine Trittplattform mit Haltebügel für ein zweites Kind.;Kita-Ausstattung;Winther;Außenbereich;Abstellraum;1;Stück;gebraucht;;F-603;B;ja;ja;100,00;Fix;nur Abholung;;;;verfügbar;;;;;;;;;;;;Neu aus der Durchsicht vom 01.10.2026.
BU12-09;;;BU12;Winther Zugwagen mit Sitz;Kita-Zugwagen von Winther zum Ziehen von Hand, rotes Stahlrohr, Sitz mit Lehne und Trittblech, zwei Luftreifen.;Kita-Ausstattung;Winther;Außenbereich;Abstellraum;1;Stück;gebraucht;;F-604;B;ja;ja;250,00;VHB;nur Abholung;;;;verfügbar;;;;;;;;;;;;Neu aus der Durchsicht vom 01.10.2026.
BU12-10;;;BU12;Kinder-Schneeschaufeln rot;8 Schneeschaufeln aus Kunststoff in Kindergröße, rot.;Garten;;;Abstellraum;1;Konvolut;gebraucht;;F-605;C;ja;ja;40,00;Fix;nur Abholung;8 Schaufeln, nur als Ganzes. Der Eimer gehört nicht dazu.;;;verfügbar;;;;;;;;;;;;Neu aus der Durchsicht vom 01.10.2026.
BU12-11;;;BU12;BIG Bobby Car rot;Rutscherauto BIG Bobby Car in Rot.;Kita-Ausstattung;BIG;Außenbereich;Abstellraum;2;Stück;gebraucht;;F-606;C;ja;ja;15,00;Fix;nur Abholung;2 rote Bobby Cars. Das Foto zeigt auch die schwarzen und den grauen aus BU12-17.;;;verfügbar;;;;;;;;;;;;Neu aus der Durchsicht vom 01.10.2026.
BU12-17;;;BU12;BIG Bobby Car schwarz und grau;Rutscherauto BIG Bobby Car, 2 in Schwarz und 1 in Grau, teils stark gebraucht.;Kita-Ausstattung;BIG;Außenbereich;Abstellraum;3;Stück;stark gebraucht;;F-606;C;ja;ja;10,00;Fix;nur Abholung;2 schwarze und 1 grauer. Das Foto zeigt auch einen roten aus BU12-11.;;;verfügbar;;;;;;;;;;;;"Auf dem Erfassungsblatt unter BU12-11; nach Zustand getrennt, eigene Nummer ohne Post-it."
BU12-12;;;BU12;Nadle Dreirad schwarz;Kinderdreirad von Nadle in Schwarz mit roten Akzenten, Stützräder hinten.;Kita-Ausstattung;Nadle;Außenbereich;Abstellraum;1;Stück;gut;;F-607;C;ja;ja;20,00;Fix;nur Abholung;;;;verfügbar;;;;;;;;;;;;Neu aus der Durchsicht vom 01.10.2026.
BU12-13;;;BU12;Kettler Dreirad blau;Kinderdreirad von Kettler, rotes Gestell, blauer Sitz und Schutzblech, gelbe Felgen.;Kita-Ausstattung;Kettler;Außenbereich;Abstellraum;1;Stück;gut;;F-608;C;ja;ja;20,00;Fix;nur Abholung;;;;verfügbar;;;;;;;;;;;;Neu aus der Durchsicht vom 01.10.2026.
BU12-14;;;BU12;Puky Laufrad / Kinderfahrzeug;Kinderlaufräder von Puky in verschiedenen Farben, dazu ein weiteres Kinderfahrzeug. Preis pro Stück;Kita-Ausstattung;Puky;Außenbereich;Abstellraum;6;Stück;stark gebraucht;;F-609;C;ja;ja;20,00;Fix;nur Abholung;6 Fahrzeuge, einzeln reservierbar. Das Foto zeigt alle zusammen.;;;verfügbar;;;;;;;;;;;;Neu aus der Durchsicht vom 01.10.2026.
BU12-15;;;BU12;Kettler Laufrad rot-gelb;Kinderlaufrad von Kettler, rot mit gelben Felgen.;Kita-Ausstattung;Kettler;Außenbereich;Abstellraum;1;Stück;stark gebraucht;;F-610;C;ja;ja;15,00;Fix;nur Abholung;;;;verfügbar;;;;;;;;;;;;Neu aus der Durchsicht vom 01.10.2026.
BU12-16;;;BU12;Kinderroller orange;Kita-Roller mit orangem Stahlrohrrahmen, zwei Vollgummirädern und rutschfestem Trittbrett.;Kita-Ausstattung;;Außenbereich;Abstellraum;1;Stück;gebraucht;;F-611;C;ja;ja;25,00;Fix;nur Abholung;;;;verfügbar;;;;;;;;;;;;Neu aus der Durchsicht vom 01.10.2026.
BU13-01;;;BU13;Stehtisch weiß, rund, Ø 70 cm;Bistro-Stehtisch mit runder weißer Platte, Durchmesser 70 cm, weißes Metallgestell mit Fußkreuz.;Möbel;;;Material;4;Stück;gebraucht;;F-573;C;ja;ja;25,00;Fix;nur Abholung;;;;verfügbar;;;;;;;;;;;;Neu aus der Durchsicht vom 01.10.2026.
BU13-02;;;BU13;Sonnenschirm rot-weiß gestreift, mit Schutzhülle;Sonnenschirm mit rot-weiß gestreifter Bespannung, inklusive Schutzhülle.;Garten;;Außenbereich;Material;3;Stück;gut;;F-574;C;ja;ja;40,00;Fix;nur Abholung;3 Schirme in gutem Zustand, ohne Schirmständer.;;;verfügbar;;;;;;;;;;;;Neu aus der Durchsicht vom 01.10.2026.
BU13-03;;;BU13;Sonnenschirm rot-weiß gestreift, ausgebleicht;Sonnenschirm mit rot-weiß gestreifter Bespannung, Stoff von der Sonne ausgebleicht.;Garten;;Außenbereich;Material;3;Stück;stark gebraucht;;F-575;C;ja;ja;15,00;Fix;nur Abholung;3 Schirme, ausgebleicht, ohne Schirmständer. Das Foto zeigt einen gleichartigen Schirm.;;;verfügbar;;;;;;;;;;;;Neu aus der Durchsicht vom 01.10.2026.
BU13-04;;;BU13;Sonnenschirm rot-weiß gestreift, mit Schirmständer;Sonnenschirm mit rot-weiß gestreifter Bespannung, teilweise ausgebleicht, mit Schirmständer.;Garten;;Außenbereich;Material;4;Stück;gebraucht;;F-575;C;ja;ja;20,00;Fix;nur Abholung;4 Schirme, teilweise ausgebleicht, jeweils mit Schirmständer.;;;verfügbar;;;;;;;;;;;;Neu aus der Durchsicht vom 01.10.2026.
BU13-05;;;BU13;Bob-Schale für Kinder;Rutschschale aus Kunststoff mit Haltegriffen, in Pink, Blau und Rot.;Kita-Ausstattung;;;Material;6;Stück;gebraucht;;F-576;C;ja;ja;3,00;Fix;nur Abholung;1 pink, 3 blau, 2 rot. Das Foto zeigt die pinke.;;;verfügbar;;;;;;;;;;;;Neu aus der Durchsicht vom 01.10.2026.
BU13-06;;;BU13;Tellerrutscher mit Griff;Rutschteller aus Kunststoff mit Haltegriff und rutschfester Sitzfläche, in Rot und Gelb.;Kita-Ausstattung;;;Material;3;Stück;gebraucht;;F-577;C;ja;ja;15,00;Fix;nur Abholung;1 rot, 2 gelb. Das Foto zeigt einen gelben.;;;verfügbar;;;;;;;;;;;;Neu aus der Durchsicht vom 01.10.2026.
BU13-07;;;BU13;Kinderschlitten blau mit Hai-Motiv;Kinderschlitten aus Kunststoff in Blau mit aufgedrucktem Hai und Zugschnur.;Kita-Ausstattung;;;Material;1;Stück;gebraucht;;F-578;C;ja;ja;15,00;Fix;nur Abholung;;;;verfügbar;;;;;;;;;;;;Neu aus der Durchsicht vom 01.10.2026.
BU13-08;;;BU13;Stiga Snowracer Lenkschlitten schwarz;Lenkbobschlitten Stiga Snowracer in Schwarz mit Lenkrad und drei Kufen.;Kita-Ausstattung;Stiga;;Material;1;Stück;gebraucht;;F-580;C;ja;ja;50,00;Fix;nur Abholung;;;;verfügbar;;;;;;;;;;;;Neu aus der Durchsicht vom 01.10.2026.
BU14-01;;;BU14;Stokke Steps Baby Set, neu;Babyaufsatz Stokke Steps Baby Set für den Treppenhochstuhl Stokke Steps, neu und originalverpackt.;Kita-Ausstattung;Stokke;;Heizung;3;Stück;neuwertig;;F-588;C;ja;ja;35,00;Fix;nur Abholung;;;;verfügbar;;;;;;;;;;;;Zweite Ansicht F-589. Passt zu NE05-06 bis NE05-08.
BU14-02;;;BU14;Peha-soft nitrile fino Handschuhe, Größe L, neu;Untersuchungshandschuhe Peha-soft nitrile fino, puderfrei, Größe L (8-9), 150 Stück je Packung. Neu und ungeöffnet.;Verbrauchsmaterial;Peha-soft;;Heizung;18;Karton;neuwertig;;F-586;C;ja;ja;3,00;Fix;nur Abholung;;;;verfügbar;;;;;;;;;;;;Zweite Ansicht F-587.
BU14-03;;;BU14;Livarno Living Truhenbank, neu;Truhensitzbank mit Stauraum von Livarno Living, neu und originalverpackt im Karton.;Möbel;Livarno Living;;Heizung;4;Stück;neuwertig;;F-590;C;ja;ja;35,00;Fix;nur Abholung;;;;verfügbar;;;;;;;;;;;;Neu aus der Durchsicht vom 01.10.2026.
BU14-04;;;BU14;Bambusfackeln;65 Gartenfackeln aus Bambus mit Brennkopf.;Garten;;;Heizung;1;Konvolut;gebraucht;;F-582;C;ja;ja;20,00;Fix;nur Abholung;65 Fackeln, nur als Ganzes.;;;verfügbar;;;;;;;;;;;;Zweite Ansicht F-579 (im Karton).
BU14-05;;;BU14;Zuckerwattemaschine;Zuckerwattemaschine mit Edelstahlkopf und Auffangschale.;Küchentechnik;;;Heizung;2;Stück;gebraucht;;F-583;C;entfällt;ja;25,00;Fix;nur Abholung;;;;verfügbar;;;;;;;;;;;;Neu aus der Durchsicht vom 01.10.2026.
BU14-06;;;BU14;HENDI Heißgetränkespender 27 l;Glühwein- und Heißgetränkespender HENDI, 27 Liter, mit Zapfhahn und Temperaturregler. Gebraucht, im Originalkarton.;Küchentechnik;HENDI;;Heizung;2;Stück;gebraucht;;F-584;C;ja;ja;35,00;Fix;nur Abholung;;;;verfügbar;;;;;;;;;;;;Neu aus der Durchsicht vom 01.10.2026.
BU14-07;;;BU14;alvita Krankenunterlagen 60 x 90 cm, neu;Saugfähige Krankenunterlagen alvita, 60 x 90 cm. Neu und ungeöffnet.;Verbrauchsmaterial;alvita;;Heizung;4;Karton;neuwertig;;F-585;C;ja;ja;5,00;Fix;nur Abholung;4 Packungen.;;;verfügbar;;;;;;;;;;;;Neu aus der Durchsicht vom 01.10.2026.
BU14-08;;;BU14;Streuwagen;Schiebestreuer mit rotem Behälter und Deckel, Luftreifen, für Salz, Sand oder Dünger.;Garten;;;Heizung;1;Stück;gebraucht;;F-581;C;ja;ja;60,00;Fix;nur Abholung;;;;verfügbar;;;;;;;;;;;;Neu aus der Durchsicht vom 01.10.2026.
GA01-17;;;GA01;Röhrenrutsche grün, gebogen;Röhrenrutsche aus grünem Kunststoff mit Tunnelstück und offener Auslaufrinne, am Hang montiert.;Garten;;Außenbereich;Garten;1;Stück;gebraucht;;F-614;A;ja;ja;250,00;VHB;nur Abholung;Fest montiert. Abbau und Transport durch den Käufer.;;;verfügbar;;;;;;;;;;;;Neu aus der Durchsicht vom 01.10.2026.
GA01-18;;;GA01;Röhrenrutsche grün, Kurvenform;Röhrenrutsche aus grünem Kunststoff in Kurvenform mit mehreren Tunnelsegmenten und offener Auslaufrinne, an der Mauer montiert.;Garten;;Außenbereich;Garten;1;Stück;gebraucht;;F-615;A;ja;ja;250,00;VHB;nur Abholung;Fest montiert. Abbau und Transport durch den Käufer.;;;verfügbar;;;;;;;;;;;;Neu aus der Durchsicht vom 01.10.2026.
BA08-40;;;BA08;Feinkrepp weiß, 80 Rollen (Werola);Krepppapier 50 × 250 cm in Rollen, für Bastelarbeiten und Dekoration. Werola Feinkrepp weiß, 8 Packungen zu je 10 Rollen, originalverpackt.;Verbrauchsmaterial;;;Atelier;1;Konvolut;neuwertig;;F-630;C;ja;ja;65,00;Fix;nur Abholung;8 Packungen zu je 10 Rollen, nur als Ganzes.;;;verfügbar;;;;;;;;;;;;Zweite Ansicht F-629 (Etikett).
BA08-41;;;BA08;Fein-Krepp gelb, 57 Rollen (folia);Krepppapier 50 × 250 cm in Rollen, für Bastelarbeiten und Dekoration. folia Fein-Krepp gelb, 3 Packungen zu je 10 Rollen und 27 einzelne Rollen.;Verbrauchsmaterial;;;Atelier;1;Konvolut;neuwertig;;F-631;C;ja;ja;30,00;Fix;nur Abholung;57 Rollen: 3 Packungen zu je 10 und 27 einzelne, nur als Ganzes.;;;verfügbar;;;;;;;;;;;;
BA08-42;;;BA08;Feinkrepp glutrot, 29 Rollen (Marpa Jansen);Krepppapier 50 × 250 cm in Rollen, für Bastelarbeiten und Dekoration. Marpa Jansen Feinkrepp glutrot.;Verbrauchsmaterial;;;Atelier;1;Konvolut;neuwertig;;F-632;C;ja;ja;18,00;Fix;nur Abholung;29 Rollen, nur als Ganzes.;;;verfügbar;;;;;;;;;;;;
BA08-43;;;BA08;Feinkrepp hellblau, 9 Rollen (Marpa Jansen);Krepppapier 50 × 250 cm in Rollen, für Bastelarbeiten und Dekoration. Marpa Jansen Feinkrepp hellblau.;Verbrauchsmaterial;;;Atelier;1;Konvolut;neuwertig;;F-633;C;ja;ja;6,00;Fix;nur Abholung;9 Rollen, nur als Ganzes.;;;verfügbar;;;;;;;;;;;;
BA08-44;;;BA08;Feinkrepp grün und blau, 7 Rollen (Marpa Jansen);Krepppapier 50 × 250 cm in Rollen, für Bastelarbeiten und Dekoration. Marpa Jansen Feinkrepp, 3 Rollen Grün und 4 Rollen Blau.;Verbrauchsmaterial;;;Atelier;1;Konvolut;neuwertig;;F-634;C;ja;ja;4,00;Fix;nur Abholung;7 Rollen: 3 grün, 4 blau, nur als Ganzes.;;;verfügbar;;;;;;;;;;;;
BA08-45;;;BA08;Krepppapier gelb, 9 Rollen (Islong);Krepppapier 50 × 250 cm in Rollen, für Bastelarbeiten und Dekoration. Islong Krepppapier gelb.;Verbrauchsmaterial;;;Atelier;1;Konvolut;neuwertig;;F-635;C;ja;ja;8,00;Fix;nur Abholung;9 Rollen, nur als Ganzes.;;;verfügbar;;;;;;;;;;;;
